Graph;Genre;Ngraph;Nphon;FRtlf1;FRbaud;FRSdest;VIMdest
abat-jour;m;9;6;293;5;2.809999943;6.019999981
abbé;m;4;3;10176;53;1.860000014;5.039999962
abeille;f;7;4;1676;70;3.829999924;6.630000114
abîme;m;5;4;4598;9;2.230000019;3.089999914
abri;m;4;4;4250;13;3.319999933;5.840000153
abricot;m;7;6;195;0;2.660000086;5.840000153
absence;f;7;5;8495;63;4.909999847;3.430000067
accident;m;8;6;4216;84;5.510000229;5.860000134
accord;m;6;4;11082;172;4.230000019;2.859999895
accueil;m;7;4;1778;19;3.900000095;3.650000095
acte;m;4;4;0;107;3.619999886;3.210000038
activité;f;8;8;10967;211;5.519999981;4.119999886
actrice;f;7;6;-1;60;4.710000038;5.989999771
adaptation;f;10;9;1952;45;4.070000172;2.430000067
admiration;f;10;9;5058;33;3.680000067;3.019999981
adolescent;m;10;7;1901;48;5.519999981;5.769999981
adoration;f;9;8;1208;5;3.099999905;3.269999981
adulte;v;6;6;1939;82;5.989999771;5.889999866
affaire;f;7;4;25836;341;4.96999979;2.74000001
affiche;f;7;4;1310;18;4.230000019;6.070000172
âge;m;3;2;19518;206;6.110000134;3.609999895
agent;m;5;3;4335;92;3.75999999;4.650000095
agitation;f;9;8;2961;25;3.700000048;3.839999914
agneau;m;6;3;901;16;3.299999952;6.369999886
agrafe;f;6;5;195;2;3.25;6.230000019
agression;f;9;7;480;14;4.429999828;4.190000057
agressivité;f;11;10;438;15;3.950000048;4.099999905
agriculteur;m;11;10;246;5;3.059999943;5.849999905
aigle;v;5;4;1135;8;3.160000086;6.610000134
aiguille;f;8;5;2190;30;4.21999979;6.53000021
ail;m;3;2;404;1;4.039999962;5.989999771
aile;f;4;2;6883;59;3.74000001;6.349999905
air;m;3;2;58360;361;5.46999979;3.950000048
aise;f;4;2;4811;35;3.25999999;2.299999952
aisselle;f;8;4;446;6;3.069999933;5.650000095
alaise;f;6;4;-1;0;2.589999914;3.049999952
alcool;m;6;5;1969;48;5.519999981;5.989999771
alerte;f;6;6;838;8;3.650000095;3.630000114
alexandrin;m;10;9;540;1;1.809999943;3.460000038
allée;f;5;3;4688;17;3.700000048;5.519999981
alliance;f;8;5;2867;41;3.400000095;4.989999771
allumette;f;9;6;974;8;5.289999962;6.78000021
allure;f;6;4;3931;53;3.890000105;3.200000048
alouette;f;8;5;425;11;2.640000105;5.380000114
alphabet;m;8;6;348;7;4.260000229;5.769999981
amande;f;6;4;404;5;3.880000114;6.28000021
ambiance;f;8;5;914;23;4.070000172;2.99000001
ambiguïté;f;9;8;876;4;2.599999905;2.059999943
ambition;f;8;6;4484;30;4.690000057;2.980000019
âme;f;3;2;44096;134;3.390000105;2.690000057
amélioration;f;12;11;599;49;4.659999847;2.710000038
ami;m;3;3;47686;359;6.21999979;5.869999886
amitié;f;6;6;11703;60;5.360000134;4.420000076
amortisseur;m;11;9;21;1;2.440000057;4.190000057
amour;m;5;4;54285;347;6.230000019;4.559999943
amourette;f;9;6;148;0;2.339999914;3.450000048
amplificateur;m;13;11;34;3;3.190000057;5.590000153
amusement;m;9;6;1012;6;3.960000038;4.099999905
analyse;f;7;6;6747;71;4.360000134;2.609999895
anarchie;f;8;6;1169;9;2.069999933;2.559999943
anarchiste;v;10;9;1008;2;1.879999995;2.849999905
âne;m;3;2;2267;6;3.089999914;6.349999905
angoisse;f;8;5;10448;58;3.180000067;3.269999981
animal;m;6;6;13171;126;5.590000153;6.329999924
animateur;m;9;8;285;18;3.99000001;4.909999847
anneau;m;6;3;1382;26;4.21999979;6.559999943
année;f;5;3;32490;916;6.260000229;3.430000067
anniversaire;m;12;9;787;37;4.96999979;5.039999962
antenne;f;7;4;467;7;3.420000076;6.349999905
antiquaire;v;10;6;336;0;1.899999976;4.489999771
anxiété;f;7;7;1642;22;3.880000114;2.960000038
appareil;m;8;6;4543;207;4.739999771;4.820000172
apparence;f;9;6;11086;53;4.590000153;3.380000114
apparition;f;10;8;3816;51;3.019999981;3.00999999
appartement;m;11;8;4356;80;5.840000153;6.340000153
après-midi;v;10;8;9419;86;6.239999771;4.179999828
aquarelle;f;9;7;327;2;2.450000048;4.429999828
aquarium;m;8;8;310;22;3.400000095;6.570000172
arachide;f;8;6;46;2;3.609999895;6.650000095
araignée;f;8;5;1042;10;4.340000153;6.789999962
arbitre;m;7;7;1131;10;4.309999943;6.210000038
arbre;m;5;5;20625;142;5.340000153;6.800000191
arc;m;3;3;1633;17;3.119999886;6.28000021
archet;m;6;4;314;1;1.710000038;4.659999847
archipel;m;8;7;242;6;2.029999971;4.079999924
argent;m;6;4;19021;212;6.619999886;6.510000229
argument;m;8;6;3292;52;4.420000076;3.400000095
arme;f;4;4;9801;127;4.159999847;6.119999886
armée;f;5;4;32154;79;4.460000038;6.099999905
armoire;f;7;6;2667;27;5.190000057;6.449999809
arrêt;m;5;3;4479;63;5.389999866;5.670000076
art;m;3;2;24585;291;4.679999828;4.659999847
article;m;7;7;9172;172;4.539999962;4.690000057
articulation;f;12;11;710;8;3.460000038;3.880000114
artiste;v;7;7;10023;127;4.679999828;5.739999771
ascenseur;m;9;6;718;17;5.480000019;6.449999809
asile;m;5;4;1608;11;2.539999962;4.670000076
aspect;m;6;4;10252;122;3.819999933;2.160000086
assaisonnement;m;14;8;25;2;3.650000095;4.829999924
assiette;f;8;5;2790;33;6.360000134;6.849999905
association;f;11;9;2586;139;4.090000153;2.779999971
assurance;f;9;6;3446;93;4.670000076;3.680000067
atelier;m;7;6;2824;50;3.630000114;5.440000057
attache;f;7;4;753;5;4.309999943;4.71999979
attente;f;7;4;5905;41;4.179999828;3.130000114
attention;f;9;6;16723;146;5.679999828;2.720000029
attitude;f;8;6;11810;146;5.079999924;2.579999924
auberge;f;7;6;2025;14;3.039999962;5.980000019
auditoire;m;9;7;616;34;3.359999895;5.46999979
autel;m;5;4;2220;12;2.549999952;5.710000038
auteur;m;6;4;11912;276;4.880000114;3.950000048
auto;f;4;3;;27;6.380000114;6.889999866
autobus;m;7;6;1391;39;6;6.690000057
automne;m;7;4;3326;62;4.96999979;5.489999771
autorité;f;8;7;9602;147;4.25;3.769999981
autoroute;f;9;6;8;7;4.269999981;6.309999943
avantage;m;8;6;5802;106;5.5;2.170000076
avenir;m;6;5;13584;173;5.429999828;2.940000057
aventure;f;8;6;8895;112;4.110000134;3.880000114
avion;m;5;4;4981;155;4.760000229;6.840000153
avis;m;4;3;6598;111;4.340000153;2.75999999
avocat;m;6;5;2467;118;4.559999943;5.760000229
bactérie;f;8;7;276;7;3.650000095;4.489999771
bagnole;f;7;5;285;1;2.319999933;5.869999886
bague;f;5;3;1178;11;5.309999943;6.71999979
baguette;f;8;5;621;4;3.720000029;6.099999905
baignoire;f;9;6;633;7;3.309999943;6.760000229
bail;m;4;3;246;9;3.450000048;4.019999981
bain;m;4;2;3220;81;6.130000114;6.670000076
baïonnette;f;10;7;633;2;1.940000057;5.130000114
balai;m;5;4;723;9;4.860000134;6.650000095
balance;f;7;5;1506;32;4.269999981;5.610000134
balle;f;5;3;3799;25;5.480000019;6.869999886
ballerine;f;9;6;63;1;3.210000038;6.389999866
bambin;m;6;4;195;3;2.25999999;5.599999905
banane;f;6;5;268;6;5.789999962;6.860000134
banc;m;4;2;4786;50;4.570000172;6.440000057
bande;f;5;3;;83;3.640000105;5.019999981
bandeau;m;7;4;723;7;4.309999943;6.079999924
bandelette;f;10;6;178;0;1.889999986;3.730000019
bandit;m;6;4;693;24;3.849999905;5.46999979
bandoulière;f;11;8;-1;7;1.919999957;3.809999943
banque;f;6;3;2510;131;5.75;6.53000021
banquette;f;9;5;1293;12;2.569999933;4.619999886
banquier;m;8;5;1063;17;3.880000114;5.300000191
banquise;f;8;5;72;0;2.089999914;4.429999828
barbe;f;5;5;4203;33;4.889999866;6.730000019
barbier;m;7;6;136;4;3.980000019;6.010000229
barboteuse;f;10;8;0;0;1.75999999;5.300000191
baronne;f;7;5;-1;20;1.570000052;3.529999971
barreau;m;7;4;1174;35;3.789999962;5.820000172
barrière;f;8;6;2127;20;4.139999866;6.300000191
bas;m;3;2;21122;44;5.909999847;5.880000114
bassin;m;6;4;1680;20;3.589999914;5.590000153
bateau;m;6;4;5483;111;4.849999905;6.880000114
bâtiment;m;8;6;2016;80;4.130000114;6.570000172
bâton;m;5;4;2390;15;5.099999905;6.599999905
batterie;f;8;5;1591;16;4.550000191;6.380000114
beauté;f;6;4;13141;110;5.019999981;4.880000114
bébé;m;4;4;1693;37;5.929999828;6.630000114
bec;m;3;3;2101;8;4.920000076;6.449999809
bedeau;m;6;4;89;0;1.840000033;3.529999971
beffroi;m;7;6;97;0;1.210000038;1.649999976
bénitier;m;8;7;187;3;1.5;3.349999905
benjamine;f;9;7;-1;2;1.830000043;3.369999886
berceau;m;7;5;1561;3;4.010000229;6.699999809
berceuse;f;8;6;-1;3;3.369999886;5.840000153
berger;m;6;5;2067;3;2.839999914;5.860000134
besoin;m;6;5;37850;415;5.670000076;3.299999952
bétail;m;6;5;927;14;2.789999962;5.539999962
bête;f;4;3;17378;103;3.839999914;5.659999847
bêtise;f;6;5;2569;9;3.549999952;3.329999924
betterave;f;9;6;289;4;3.019999981;6.440000057
beurre;m;6;3;1335;19;5.880000114;6.599999905
bibelot;m;7;5;604;7;3.150000095;5.980000019
bible;f;5;5;1735;26;3.789999962;6.590000153
bibliothèque;f;12;10;4147;31;5.610000134;6.46999979
bière;f;5;4;1327;12;6.230000019;6.789999962
bijou;m;5;4;1671;28;4.989999771;6.550000191
bijoutière;f;10;8;-1;3;3.24000001;5.159999847
bilan;m;5;4;502;33;2.920000076;4.150000095
billet;m;6;4;4275;;5.130000114;6.25
biscuit;m;7;6;489;6;5.880000114;6.679999828
bise;f;4;3;582;2;2.700000048;4.960000038
bison;m;5;4;97;11;2.369999886;6.28000021
blague;f;6;4;1182;5;4.449999809;3.930000067
blé;m;3;3;3773;30;3.779999971;6.579999924
blouse;f;6;4;1220;5;5.090000153;6.579999924
bobine;f;6;5;246;3;3.130000114;5.690000057
bocal;m;5;5;306;10;3.99000001;6.25
bohémienne;f;10;7;-1;0;2.210000038;4.699999809
bois;m;4;3;21514;196;5.039999962;6.389999866
boisson;f;7;5;701;19;5.519999981;6.179999828
boîte;f;5;4;5305;99;5.550000191;6.550000191
bol;m;3;3;804;4;5.46999979;6.670000076
bombarde;f;8;7;38;0;2.420000076;4.130000114
bombardement;m;12;9;1412;17;3.720000029;5.539999962
bonbon;m;6;4;514;9;5.329999924;6.619999886
bonbonne;f;8;5;80;2;2.829999924;5.46999979
bonheur;m;7;5;19680;128;5.559999943;3.25999999
bonhomme;m;8;5;3020;11;4.489999771;5.53000021
bonnet;m;6;4;1289;10;2.519999981;5.929999828
bonté;f;5;4;3799;16;3.859999895;3.440000057
bord;m;4;3;14069;172;4.960000038;4.539999962
botte;f;5;3;2139;15;5.789999962;6.679999828
bouche;f;6;3;19293;96;5.599999905;6.679999828
boucher;m;7;4;957;4;4.099999905;5.869999886
bouchon;m;7;4;455;10;4.949999809;6.440000057
boucle;f;6;5;1565;22;3.819999933;6.269999981
bouclier;m;8;7;433;4;2.279999971;5.099999905
boue;f;4;2;3267;12;3.789999962;6.010000229
bouffon;m;7;4;480;6;2.880000114;5.980000019
bougie;f;6;4;1786;36;3.140000105;6.639999866
bouillotte;f;10;5;182;1;2.089999914;4.5
boulanger;m;9;6;608;1;4.090000153;6.090000153
boule;f;5;3;2654;34;4.269999981;6.369999886
bouquetière;f;11;7;34;0;2.960000038;5.539999962
bouquin;m;7;4;923;9;3.170000076;6.110000134
bourgeois;m;9;6;7483;31;3.059999943;4.190000057
bourgeon;m;8;5;506;15;2.900000095;6.190000057
bourrelet;m;9;5;297;3;3.059999943;4.329999924
bout;m;4;2;26542;270;4.949999809;4.829999924
bouteille;f;9;5;4067;43;5.869999886;6.639999866
bouton;m;6;4;2931;39;5.159999847;6.429999828
boutonnière;f;11;8;433;2;3.220000029;5.539999962
boxeur;m;6;6;344;2;4.539999962;6.239999771
bracelet;m;8;6;489;6;5.010000229;6.760000229
braise;f;6;4;880;4;3.00999999;5.429999828
brancard;m;8;6;744;1;2.019999981;4.139999866
branche;f;7;4;7028;67;4.920000076;6.619999886
bras;m;4;3;34643;235;5.730000019;6.75
bravoure;f;8;6;306;4;2.549999952;3.650000095
brebis;f;6;5;944;10;2.829999924;6.539999962
bretelle;f;8;6;387;2;4.289999962;6.659999847
bribe;f;5;4;416;6;1.779999971;2.630000114
brigand;m;7;5;684;4;2.069999933;4.710000038
brique;f;6;4;1723;23;3.99000001;6.559999943
briquet;m;7;5;442;4;3.589999914;6.670000076
brise;f;5;4;1459;10;3.849999905;4.059999943
brosse;f;6;4;927;32;5.980000019;6.75
brouillard;m;10;6;3301;30;3.730000019;5.940000057
broyeur;m;7;7;46;0;2.430000067;5.090000153
bruit;m;5;4;22662;162;5.730000019;3.619999886
brûleur;m;7;6;21;0;2.849999905;5.139999866
brunette;f;8;6;-1;2;3.690000057;5.679999828
brutalité;f;9;9;1118;14;3.369999886;4.090000153
bûcheron;m;8;5;489;7;3.859999895;6.300000191
buffet;m;6;4;1050;3;4.75;6.380000114
buffle;m;6;5;208;20;1.559999943;5.320000172
buisson;m;7;5;1591;7;2.920000076;5.940000057
bulle;f;5;3;740;8;3.359999895;6.170000076
bulletin;m;8;5;480;24;5.059999943;5.829999924
bureau;m;6;4;10491;206;5.579999924;6.340000153
but;m;3;2;10244;174;5.639999866;4.409999847
buveuse;f;7;5;-1;1;3.49000001;5.190000057
cabane;f;6;5;893;9;5.110000134;6.429999828
cabaret;m;7;6;1067;7;2.940000057;6.019999981
cabine;f;6;5;1123;48;4.190000057;6.190000057
cabriolet;m;9;9;212;0;1.909999967;4.099999905
cachot;m;6;4;502;7;2.079999924;4.940000057
cadavre;m;7;7;4020;31;3.799999952;5.96999979
cadeau;m;6;4;2144;28;5.550000191;6.53000021
cadette;f;7;5;331;9;2.829999924;4.199999809
café;m;4;4;9708;90;5.940000057;6.599999905
cafetière;f;9;7;208;0;4.800000191;6.409999847
cage;f;4;3;1986;32;4.090000153;6.659999847
cahier;m;6;4;3246;30;5.920000076;6.679999828
caillou;m;7;4;2156;21;2.930000067;6.510000229
caisse;f;6;3;2888;57;4.880000114;5.739999771
caissière;f;9;6;-1;3;5.159999847;5.659999847
calculatrice;f;12;11;-1;3;5.090000153;6.699999809
cale;f;4;3;293;10;1.830000043;3.960000038
calendrier;m;10;9;421;3;5.630000114;6.610000134
calme;m;5;5;11797;39;5.179999828;3.950000048
calotte;f;7;5;293;4;2.769999981;5.239999771
cambrioleur;m;11;10;97;0;3.440000057;5.420000076
camelot;m;7;5;161;1;2.430000067;3.970000029
caméra;f;6;6;38;18;5.139999866;6.71999979
camion;m;6;5;2144;75;5.349999905;6.829999924
camionneur;m;10;8;89;4;4.139999866;5.630000114
camp;m;4;2;5598;76;4.070000172;5.489999771
campagnarde;f;11;9;-1;3;2.180000067;4.579999924
campus;m;6;5;-1;0;5.639999866;5.769999981
canal;m;5;5;2488;42;4.940000057;6.119999886
canard;m;6;5;1297;11;3.710000038;6.769999981
candidate;f;9;7;-1;101;4.610000134;4.099999905
candidature;f;11;9;421;10;3.190000057;3.650000095
canine;f;6;5;136;0;2.369999886;5.190000057
cannelle;f;8;5;153;0;3.470000029;5.199999809
canon;m;5;4;4513;37;2.809999943;6.25
canot;m;5;4;684;4;4.010000229;6.690000057
cantatrice;f;10;8;55;1;1.470000029;3.549999952
cantine;f;7;5;340;4;3.910000086;5.650000095
cantinier;m;9;7;21;0;1.629999995;3.660000086
capitaine;m;9;7;6181;117;4.070000172;5.920000076
caractère;m;9;8;20084;155;4.909999847;3.359999895
carburateur;m;11;10;55;1;2.640000105;4.510000229
cardinal;m;8;8;1778;61;2.700000048;5.360000134
carnet;m;6;5;2539;8;3.869999886;6.039999962
carotte;f;7;5;314;3;5.610000134;6.889999866
carreau;m;7;4;1914;28;4.210000038;6.170000076
carrière;f;8;6;3862;78;5.320000172;4.5
carte;f;5;5;7504;89;5.21999979;6.380000114
carton;m;6;5;1506;29;4.199999809;6.389999866
cas;m;3;2;28414;547;4.869999886;2.210000038
casier;m;6;5;374;10;5.059999943;6.340000153
casquette;f;9;6;1484;8;5.010000229;6.849999905
casserole;f;9;6;735;10;4.289999962;6.329999924
cathédrale;f;10;8;2909;29;3.170000076;6.489999771
causalité;f;9;8;1318;3;2.559999943;1.820000052
cause;f;5;3;29405;323;5.150000095;2.210000038
cavalier;m;8;7;1969;34;2.599999905;5.570000172
cavalière;f;9;8;225;34;2.299999952;5.190000057
cellule;f;7;5;4454;109;4.510000229;5.559999943
cendre;f;6;5;2744;11;3.589999914;6.269999981
cendrier;m;8;7;272;14;4.760000229;6.599999905
censure;f;7;5;472;6;2.779999971;3.440000057
centaine;f;8;5;2539;85;4.300000191;4.579999924
centre;m;6;5;10414;223;5.53000021;4.699999809
cercle;m;6;6;5943;60;4.480000019;6.53000021
céréale;f;7;6;297;8;5.980000019;6.739999771
cerf-volant;m;11;7;106;1;3.299999952;6.860000134
cerise;f;6;5;701;1;4.619999886;6.710000038
cerisier;m;8;7;323;5;2.720000029;5.849999905
certificat;m;10;9;587;25;4.260000229;5.78000021
cerveau;m;7;5;5058;52;5.159999847;6.480000019
cervelle;f;8;6;1301;4;3.779999971;5.269999981
chaîne;f;6;3;4050;41;4.510000229;6.269999981
chaise;f;6;3;8168;58;6.349999905;6.809999943
chaleur;f;7;5;8819;87;5.690000057;4.199999809
chambre;f;7;5;33851;303;6.360000134;6.599999905
champ;m;5;2;14468;143;4.539999962;6.099999905
chance;f;6;3;10993;138;5.659999847;2.960000038
chandelier;m;10;7;204;6;3.839999914;6.559999943
chandelle;f;9;5;987;10;4.929999828;6.829999924
changement;m;10;5;7257;99;5.420000076;2.619999886
chanson;f;7;4;4033;54;5.659999847;4.880000114
chansonnette;f;12;7;97;1;2.019999981;4.119999886
chansonnier;m;11;7;59;14;3.170000076;5.480000019
chant;m;5;2;6785;46;4.349999905;4.840000153
chanteur;m;8;5;1293;24;5.260000229;6.239999771
chanteuse;f;9;5;-1;24;5.510000229;6.019999981
chapeau;m;7;4;8721;61;5.059999943;6.789999962
chapelet;m;8;5;1148;0;3.210000038;6.389999866
charbon;m;7;5;1948;17;3.210000038;6.110000134
charcutier;m;10;8;102;1;2.369999886;4.690000057
charge;f;6;5;4692;121;4.570000172;3.190000057
chariot;m;7;5;510;20;3.470000029;6.300000191
charlatan;m;9;7;289;2;2.099999905;3.730000019
charnière;f;9;7;208;2;2.069999933;4.099999905
charpente;f;9;6;655;11;2.849999905;5.03000021
charpentier;m;11;8;404;5;2.710000038;5.099999905
charrette;f;9;5;1135;8;3.180000067;6.190000057
charrue;f;7;4;782;4;4.050000191;6.46999979
chasseur;m;8;5;2786;51;4.340000153;6.090000153
chat;m;4;2;4326;58;5.309999943;6.820000172
château;m;7;4;5802;64;3.809999943;6.630000114
chaudière;f;9;6;306;11;4.210000038;6.400000095
chauffage;m;9;5;493;34;5.409999847;4.320000172
chauffeur;m;9;5;2539;26;5.039999962;5.690000057
chaumière;f;9;6;314;0;1.909999967;4.460000038
chaussure;f;9;5;1425;35;5.019999981;6.760000229
chef;m;4;3;21799;204;5.099999905;5.559999943
chemin;m;6;4;21165;114;5.489999771;6.289999962
cheminée;f;8;6;4122;23;4.360000134;6.769999981
chemise;f;7;5;4658;36;5.960000038;6.699999809
chenille;f;8;5;663;41;3.710000038;6.739999771
chercheur;m;9;6;616;39;3.910000086;4.599999905
cheval;m;6;5;13507;132;4.420000076;6.900000095
chevalet;m;8;6;268;4;1.909999967;4.96999979
chevalier;m;9;7;3156;34;3.099999905;5.670000076
cheveu;m;6;4;13626;145;6.090000153;6.739999771
cheville;f;8;5;876;11;4.880000114;6.699999809
chèvre;f;6;5;1523;5;3.410000086;6.599999905
chicane;f;7;5;289;1;5.489999771;4.5
chien;m;5;3;12112;71;5.320000172;6.929999828
chiffon;m;7;4;714;23;2.859999895;5.920000076
chiot;m;5;3;114;0;3.160000086;6.389999866
chirurgienne;f;12;9;-1;20;3.589999914;5.429999828
choc;m;4;3;3773;45;4.760000229;4.510000229
chocolat;m;8;6;1514;12;5.920000076;6.579999924
choix;m;5;3;7551;152;5.829999924;3.00999999
chômage;m;7;5;489;17;5.340000153;4.03000021
chope;f;5;3;161;2;1.639999986;3.430000067
chorale;f;7;5;-1;2;3.410000086;5.980000019
chose;f;5;3;138950;524;6.300000191;3.529999971
cicatrice;f;9;8;604;9;4.460000038;6.019999981
ciel;m;4;4;30422;119;5.579999924;6.699999809
cigale;f;6;5;374;4;2.75;5.769999981
cigarette;f;9;7;4471;48;6.099999905;6.800000191
cinéma;m;6;6;2824;127;5.269999981;6.380000114
circuit;m;7;6;578;27;3.630000114;4.53000021
citadelle;f;9;7;557;8;2.24000001;4.239999771
citadin;m;7;6;374;11;1.929999948;4.079999924
citadine;f;8;7;-1;11;1.649999976;3.119999886
cité;f;4;4;5066;46;2.75;5.179999828
civière;f;7;6;459;2;3.190000057;6.039999962
civilisation;f;12;11;6300;82;3.700000048;4.059999943
clairière;f;9;7;625;5;2.400000095;4.940000057
clarinette;f;10;8;114;2;2.460000038;6.559999943
classe;f;6;4;9206;268;5.949999809;5.630000114
classeur;m;8;6;165;3;3.970000029;5.929999828
clavecin;m;8;6;242;4;1.659999967;4.159999847
clavier;m;7;6;616;11;4.210000038;6.329999924
clef;f;4;3;6258;21;5.869999886;6.570000172
clenche;f;7;4;17;0;1.700000048;3.099999905
clignotant;m;10;7;191;1;4.28000021;5.829999924
climat;m;6;5;2493;58;4.630000114;4.760000229
clinicien;m;9;8;106;1;2.920000076;4.429999828
clochard;m;8;6;204;3;3.230000019;5.869999886
cloche;f;6;4;3867;32;3.980000019;6.679999828
clou;m;4;3;1859;19;4.269999981;6.710000038
clown;m;5;4;259;11;3.730000019;6.869999886
cochon;m;6;4;1791;14;4.349999905;6.869999886
cocotier;m;8;7;174;6;2.049999952;6.070000172
cocotte;f;7;5;319;3;3.309999943;5.570000172
coeur;m;5;3;60462;327;5.760000229;6.75
cognée;f;6;4;153;0;3.410000086;3.470000029
cohérence;f;9;6;553;3;3.230000019;1.99000001
coiffeur;m;8;6;965;12;4.650000095;6.179999828
coiffeuse;f;9;6;-1;2;5.079999924;5.75
coin;m;4;3;12941;116;4.96999979;5.730000019
coïncidence;f;11;8;978;14;4.25;2.720000029
coït;m;4;4;51;0;1.830000043;4.599999905
colère;f;6;5;11873;54;4.480000019;4.320000172
colis;m;5;4;442;20;3.109999895;6.110000134
collaboratrice;f;14;12;-1;37;3.289999962;3.339999914
colle;f;5;3;348;8;4.28000021;6.139999866
collectionneur;m;14;11;314;15;3.569999933;4.28000021
collectivité;f;12;11;638;24;3.359999895;3.25999999
collège;m;7;5;2999;103;5.320000172;5.949999809
collégienne;f;11;8;-1;9;2.890000105;5.110000134
collet;m;6;4;527;8;4.119999886;6.269999981
collier;m;7;5;1301;12;4.619999886;6.670000076
colline;f;7;5;4564;30;3.650000095;6.380000114
colonel;m;7;7;3331;57;3.099999905;5.059999943
colonne;f;7;5;4581;62;4.860000134;5.829999924
combat;m;6;4;6896;56;3.950000048;5.539999962
combattant;m;10;6;2561;16;3.630000114;5.170000076
comble;m;6;5;2493;10;2.619999886;2.519999981
comédienne;f;10;8;-1;61;4.889999866;4.880000114
commandant;m;10;6;6326;62;3.329999924;4.599999905
commandement;m;12;7;6875;19;3.410000086;3.619999886
commentaire;m;11;7;1956;45;5.130000114;3.339999914
commentatrice;f;13;10;-1;11;3.049999952;4.380000114
commerçante;f;11;8;-1;32;3.059999943;4.699999809
commerce;m;8;7;4211;139;4.550000191;5.190000057
commis;m;6;4;3126;10;3.809999943;4.440000057
communauté;f;10;8;2935;147;3.680000067;3.859999895
communication;f;13;11;4994;60;5.360000134;3.599999905
compagnon;m;9;6;5215;63;4.440000057;5.210000038
comparaison;f;11;8;2765;48;4.579999924;3.069999933
compétition;f;11;9;370;44;4.900000095;4.139999866
comportement;m;12;9;3007;51;5.019999981;3.450000048
compresseur;m;11;8;38;4;2.25;4.619999886
compte;m;6;3;22079;389;5.159999847;4.059999943
concept;m;7;6;2812;33;4.860000134;2.019999981
concert;m;7;5;2531;32;4.949999809;5.550000191
concierge;v;9;8;2688;14;4.139999866;6.050000191
conclusion;f;10;8;3837;85;5.449999809;3.210000038
concours;m;8;5;3024;65;4.46999979;3.950000048
condition;f;9;7;21756;311;5.199999809;2.660000086
conducteur;m;10;8;1012;44;4.28000021;5.360000134
conductrice;f;11;9;-1;44;3.660000086;5.190000057
conférencière;f;13;10;-1;20;2.769999981;4.190000057
confessionnal;m;13;10;472;5;2.670000076;5.559999943
confiance;f;9;6;11222;106;5.550000191;2.880000114
conflit;m;7;5;3692;62;4.730000019;3.779999971
confort;m;7;5;1280;28;4.369999886;3.839999914
congélateur;m;11;9;-1;0;4.710000038;6.619999886
connaissance;f;12;7;16494;178;5.130000114;3.109999895
connerie;f;8;5;242;0;3.859999895;3.710000038
conscience;f;10;6;33375;180;4.579999924;2.359999895
conseil;m;7;5;11890;333;4.679999828;3.099999905
consentement;m;12;7;1910;7;3.849999905;3.25999999
considération;f;13;11;4109;52;3.819999933;2.099999905
consonne;f;8;5;178;0;3.700000048;5.170000076
consultante;f;11;8;-1;1;3.5;4.019999981
contact;m;7;6;7623;125;4.800000191;3.779999971
contenant;m;9;5;684;0;4.670000076;5.889999866
contenu;m;7;5;5883;40;4.300000191;3.420000076
contexte;m;8;8;621;24;4.010000229;2.049999952
continent;m;9;6;1723;49;4.079999924;5.670000076
contraire;m;9;6;27032;37;5.320000172;3.119999886
contrat;m;7;5;1578;52;4.75;5.099999905
contrebandier;m;13;10;106;0;2.609999895;4.28000021
convalescence;f;13;9;540;4;2.75999999;3.099999905
conversation;f;12;10;13354;87;5.25;4.519999981
convoyeur;m;9;8;17;1;1.929999948;3.720000029
coopérative;f;11;10;114;6;3.50999999;3.440000057
coordinatrice;f;13;12;-1;0;4.170000076;4.03000021
copain;m;6;4;2710;19;4.53000021;5.550000191
copie;f;5;4;1408;18;5.570000172;5.510000229
copine;f;6;5;144;19;3.710000038;5.610000134
coquelicot;m;10;7;182;0;2.839999914;5.849999905
corbeau;m;7;5;714;2;2.839999914;6.630000114
corbeille;f;9;6;927;11;2.50999999;6.079999924
corde;f;5;5;4275;66;4.829999924;6.539999962
cordonnier;m;10;8;382;1;3.609999895;5.650000095
corneille;f;9;6;144;0;3.039999962;6.389999866
corps;m;5;3;54417;281;6.110000134;6.579999924
côté;m;4;4;44410;335;5.690000057;4.320000172
côtelette;f;9;6;225;2;3.049999952;6.059999943
cou;m;3;2;6670;41;5.300000191;6.619999886
couche;f;6;3;2454;69;4.28000021;6.309999943
coucou;m;6;4;365;2;2.75999999;5.019999981
couleur;f;7;5;16838;254;5.849999905;5.320000172
couloir;m;7;6;5139;49;4.079999924;6.099999905
coup;m;4;2;62653;455;5.28000021;4.880000114
coupe;f;5;3;2514;43;4.53000021;5.699999809
couple;m;6;5;3731;96;5.510000229;6.380000114
cour;f;4;3;11193;104;4.480000019;5.429999828
courage;m;7;5;9848;79;4.599999905;3.170000076
courant;m;7;4;5526;150;4.389999866;3.900000095
coureur;m;7;5;710;9;4.21999979;5.829999924
couronne;f;8;5;2833;50;3.700000048;6.489999771
courrier;m;8;5;2424;28;4.960000038;6.360000134
cours;m;5;3;14719;605;6.369999886;4.889999866
course;f;6;5;6938;105;4.789999962;5.409999847
courtier;m;8;6;178;6;2.940000057;3.529999971
courtisane;f;10;8;327;1;1.779999971;2.900000095
coussin;m;7;4;1327;17;5.070000172;6.5
couteau;m;7;4;3195;22;5.800000191;6.809999943
coutume;f;7;5;3603;38;3.859999895;3.599999905
couturière;f;10;8;463;4;4.300000191;5.21999979
couvent;m;7;4;2714;37;2.849999905;5.019999981
couvercle;m;9;8;693;6;4.550000191;6.230000019
couverture;f;10;8;4199;52;4.809999943;6.150000095
crabe;m;5;4;395;11;3.299999952;6.610000134
crachat;m;7;5;314;1;3.089999914;5.690000057
crainte;f;7;4;9414;49;3.799999952;3.059999943
crâne;m;5;4;2522;30;3.980000019;6.349999905
crasse;f;6;4;553;4;2.890000105;4.820000172
crayon;m;6;5;1939;14;6.010000229;6.650000095
créateur;m;8;7;5513;22;3.220000029;3.640000105
création;f;8;7;7287;119;4.150000095;3.390000105
crème;f;5;4;1178;44;4.880000114;6.210000038
crêpe;v;5;4;604;5;4.389999866;6.46999979
cri;m;3;3;14375;90;4.809999943;3.960000038
criminel;m;8;8;2122;31;5.170000076;4.639999866
criminelle;f;10;8;-1;31;4.449999809;4.960000038
crinière;f;8;7;327;1;3.200000048;5.840000153
crise;f;5;4;7206;75;4.829999924;4.340000153
cristal;m;7;7;1680;28;3.539999962;5.900000095
cristallin;m;10;8;438;5;2.410000086;4.699999809
critère;m;7;6;548;41;4.489999771;2.24000001
croc;m;4;3;395;3;2.119999886;4.119999886
crochet;m;7;5;906;8;4.059999943;6.380000114
croissance;f;10;7;3075;89;4.389999866;3.75
croissant;m;9;6;425;2;4.880000114;6.440000057
croquis;m;7;5;327;5;3.109999895;5.429999828
crotte;f;6;4;268;0;4.139999866;5.769999981
cube;m;4;3;693;15;3.890000105;6.5
cuisinier;m;9;8;689;10;4.829999924;6.019999981
cuisse;f;6;4;2335;20;4.960000038;6.630000114
cul;m;3;2;1012;3;4.03000021;5.809999943
culotte;f;7;5;1203;10;5.909999847;6.78000021
culte;m;5;5;3186;36;2.660000086;3.680000067
cultivateur;m;11;10;378;15;3.839999914;5.650000095
curé;m;4;4;6704;35;3.75999999;6.320000172
cure-pipe;m;9;6;-1;0;1.659999967;5.090000153
curiosité;f;9;9;7432;51;4.480000019;2.819999933
cuvette;f;7;5;638;9;2.200000048;5.440000057
cymbale;f;7;5;221;1;2.640000105;6.309999943
dame;f;4;3;12899;122;3.609999895;5.639999866
danger;m;6;4;7708;117;5.090000153;4.099999905
danse;f;5;3;4228;36;5.380000114;5.380000114
danseuse;f;8;5;-1;23;5.210000038;6.059999943
dard;m;4;3;123;1;2.460000038;5.690000057
datte;f;5;3;165;0;3.730000019;6.210000038
début;m;5;4;12341;238;5.5;3.50999999
débutante;f;9;7;-1;9;4.099999905;3.430000067
décanat;m;7;6;;0;1.25999999;1.889999986
décimale;f;8;7;-1;;3.75;5.260000229
décor;m;5;5;3616;51;4.179999828;4.829999924
décoratrice;f;11;10;-1;19;3.609999895;4.989999771
découpage;m;9;7;123;3;3.190000057;4.980000019
dédain;m;6;4;1595;8;2.49000001;3.039999962
dédicace;f;8;7;459;;1.519999981;2.920000076
défaite;f;7;5;2943;27;3.950000048;3.440000057
défaut;m;6;4;7104;67;5.110000134;2.900000095
défectuosité;f;12;12;46;1;3.049999952;3.579999924
défense;f;7;5;7423;105;4.710000038;3.619999886
défi;m;4;4;1765;22;4.190000057;3.390000105
déficience;f;10;8;553;13;3.390000105;3.400000095
degré;m;5;5;8427;178;5.139999866;3.49000001
délice;m;6;5;2190;13;3.230000019;4.159999847
délinquante;f;11;7;-1;14;3.789999962;4.170000076
démarreur;m;9;7;12;3;2.400000095;4.179999828
demoiselle;f;10;8;2633;16;4.539999962;5.320000172
démonstratrice;f;14;12;-1;1;2.960000038;3.859999895
dent;f;4;2;8466;62;5.289999962;6.699999809
dentiste;v;8;7;314;6;4.400000095;6.269999981
départ;m;6;5;11754;140;5.039999962;4.610000134
déplacement;m;11;8;1340;34;4.489999771;3.849999905
déploiement;m;11;8;497;7;2.160000086;2.75999999
descente;f;8;5;1561;39;3.789999962;5.03000021
désert;m;6;5;8814;43;4.019999981;6.570000172
déserteur;m;9;8;310;1;2.380000114;3.789999962
désespoir;m;9;9;7032;38;3.339999914;3.180000067
désir;m;5;5;24441;120;4.760000229;3.319999933
désordre;m;8;8;6032;23;4.360000134;4.769999981
dessein;m;7;4;3322;16;2.799999952;4.110000134
dessert;m;7;5;578;8;5.989999771;6.440000057
dessin;m;6;4;4883;57;4.630000114;5.739999771
dessinateur;m;11;9;297;8;3.059999943;5.179999828
dessinatrice;f;12;10;-1;8;2.890000105;4.869999886
détachement;m;11;7;2352;5;3.160000086;3.289999962
détail;m;6;5;9121;130;5.130000114;3
détaillant;m;10;6;25;3;3.400000095;3.809999943
détenu;m;6;5;238;27;3.539999962;4.570000172
détergent;m;9;7;-1;3;3.859999895;6.409999847
deuil;m;5;3;2535;8;2.950000048;4.179999828
dévouement;m;10;6;2080;19;3.569999933;3.059999943
diagonale;f;9;8;-1;3;4.070000172;5.860000134
dialogue;m;8;6;3326;77;3.910000086;4.039999962
diamant;m;7;5;1893;21;4.25;6.739999771
diapositive;f;11;10;-1;9;3.25;5.730000019
dictionnaire;m;12;9;910;14;5.579999924;6.730000019
différence;f;10;7;8066;118;5.449999809;2.769999981
digestion;f;9;8;429;2;4.829999924;3.549999952
dimension;f;9;7;3773;74;3.769999981;2.869999886
diminution;f;10;9;846;27;4.010000229;3.25999999
dinde;f;5;3;182;1;4.130000114;6.619999886
dîner;m;5;4;11601;43;6.309999943;5.570000172
directeur;m;9;8;4905;154;4.599999905;4.980000019
directrice;f;10;9;480;154;4.570000172;4.480000019
dirigeant;m;9;6;1178;57;3.529999971;3.99000001
discipline;f;10;8;3948;79;5.070000172;2.710000038
discours;m;8;6;8602;44;4.230000019;4.510000229
discussion;f;10;8;4518;74;5.159999847;3.980000019
dispute;f;7;6;1229;8;4.139999866;4.690000057
disque;m;6;5;1352;68;4.619999886;6.46999979
distance;f;8;6;7172;113;5.25;3.900000095
distinction;f;11;9;3756;45;3.519999981;2.420000076
distributeur;m;12;11;97;8;3.779999971;4.28000021
divan;m;5;4;1646;7;4.440000057;6.440000057
divinité;f;8;8;1867;8;2.160000086;2.849999905
dizaine;f;7;5;1825;62;4.190000057;4.920000076
docteur;m;7;6;11205;169;5.840000153;6.210000038
doctorat;m;8;7;170;34;4.110000134;4.159999847
doigt;m;5;3;16655;142;5.809999943;6.710000038
domaine;m;7;5;9840;279;4.159999847;3.930000067
dominatrice;f;11;10;-1;0;3.089999914;3.220000029
dommage;m;7;5;2246;30;4.78000021;3.609999895
donjon;m;6;4;255;1;1.669999957;4.980000019
dos;m;3;2;10823;93;5.550000191;6.510000229
dossier;m;7;5;2667;45;4.829999924;5.389999866
douceur;f;7;5;7615;41;4.559999943;4.110000134
douche;f;6;3;536;12;6.170000076;6.539999962
douleur;f;7;5;12337;88;4.949999809;4.619999886
doute;m;5;3;43985;78;4.820000172;2.599999905
doyen;m;5;5;633;15;2.559999943;4.130000114
dragon;m;6;5;1029;5;2.670000076;6.460000038
drapeau;m;7;5;2199;12;4.920000076;6.71999979
droit;m;5;4;22722;417;5.610000134;3.450000048
droite;f;6;5;17251;67;6.230000019;5.059999943
droitier;m;8;7;8;0;5;4.929999828
dune;f;4;3;914;10;1.769999981;5.050000191
duperie;f;7;5;340;3;1.289999962;2.25
durée;f;5;4;5598;75;5.179999828;2.599999905
eau;f;3;1;36625;461;6.650000095;6.78000021
échelle;f;7;4;3416;61;4.829999924;6.650000095
échine;f;6;4;463;0;1.539999962;2.720000029
écho;m;4;3;4326;44;3.329999924;4.019999981
éclair;m;6;5;3701;35;4.449999809;6.349999905
éclatement;m;10;7;565;7;3.119999886;4.460000038
écluse;f;6;5;514;3;2.049999952;5.320000172
école;f;5;4;10397;424;6.239999771;6.599999905
économie;f;8;7;7772;157;5.389999866;2.609999895
écran;m;5;4;1523;70;4.889999866;6.190000057
écrin;m;5;4;161;3;1.710000038;3.299999952
écriteau;m;8;6;370;4;2.720000029;5.519999981
écriture;f;8;7;4169;58;5.039999962;5.53000021
écu;m;3;3;872;2;1.470000029;4.170000076
édifice;m;7;6;2373;43;4.75;6.730000019
éducation;f;9;8;4216;204;5.800000191;3.480000019
effet;m;5;3;39203;197;4.829999924;2.059999943
effort;m;6;4;25662;250;5.489999771;2.980000019
effroi;m;6;5;1969;7;1.879999995;2.890000105
églantine;f;9;7;97;0;1.5;3.160000086
église;f;6;5;17451;405;4.909999847;6.75
élection;f;8;7;2288;84;4.800000191;5.050000191
électricité;f;11;11;1867;46;5.230000019;4.369999886
électron;m;8;7;170;9;2.700000048;3.910000086
élément;m;7;5;15307;226;4.110000134;2.980000019
élève;v;5;4;4794;176;5.460000038;5.559999943
émission;f;8;6;510;119;4.869999886;4.809999943
émotion;f;7;6;12682;56;4.949999809;3.630000114
endroit;m;7;5;9261;142;5.21999979;3.630000114
énergie;f;7;6;7632;137;5.480000019;3.75999999
enfance;f;7;4;9206;111;4.670000076;4.940000057
enfant;v;6;3;61292;932;6.150000095;6.480000019
engin;m;5;3;787;20;2.920000076;5.389999866
engrais;m;7;4;310;21;3.829999924;5.480000019
ennui;m;5;4;6636;62;4.619999886;3.430000067
enquête;f;7;4;2612;145;4.079999924;4.409999847
enregistrement;m;14;10;314;40;4.210000038;4.179999828
enregistreur;m;12;9;110;1;3.359999895;5.639999866
enseignant;m;10;5;144;31;5.21999979;6.079999924
enseignante;f;11;6;-1;31;5.019999981;6.289999962
enseignement;m;12;6;3450;197;5.440000057;4.480000019
ensemble;m;8;6;26874;299;5.420000076;3.880000114
enterrement;m;11;6;1629;8;3.799999952;6.079999924
entrée;f;6;4;7806;127;5.510000229;5.269999981
entrevue;f;8;6;1646;21;4.78000021;4.260000229
envie;f;5;3;11507;94;4.909999847;2.960000038
environnement;m;13;8;663;6;5.71999979;4.710000038
environs;m;8;5;2084;29;4.760000229;3.319999933
épaulette;f;9;6;85;2;4.019999981;6.309999943
épice;f;5;4;438;4;4.78000021;5.590000153
épidémie;f;8;7;689;6;3.349999905;3.74000001
épine;f;5;4;1242;2;3.450000048;6.079999924
époque;f;6;4;12950;243;3.569999933;3.180000067
équipe;f;6;4;2382;164;5.159999847;5.75
équité;f;6;5;310;4;2.190000057;2.289999962
escabeau;m;8;6;387;0;3.880000114;6.519999981
escalier;m;8;7;9742;72;5.78000021;6.800000191
esclavage;m;9;8;1471;10;2.910000086;5.170000076
espace;v;6;5;14749;179;4.519999981;3.900000095
espèce;f;6;5;18978;135;4.440000057;3.569999933
espérance;f;9;7;5815;47;4.619999886;2.390000105
espoir;m;6;6;11737;90;5.03000021;2.5
esprit;m;6;5;65780;382;4.519999981;2.900000095
esquisse;f;8;5;889;3;2.029999971;4.119999886
estomac;m;7;6;1978;17;5.059999943;5.809999943
étage;m;5;4;6513;60;5.449999809;5.809999943
étalage;m;7;6;842;7;3.079999924;5.199999809
étamine;f;7;6;178;0;1.480000019;3
étang;m;5;3;1740;5;2.910000086;6.400000095
état;m;4;3;40365;569;4.400000095;3.069999933
éternité;f;8;8;4092;18;3.670000076;2.549999952
étincelle;f;9;6;1340;10;4.019999981;6.349999905
étiquette;f;9;6;876;22;4.630000114;6.210000038
étoile;f;6;5;9210;58;4.659999847;6.630000114
étonnement;m;10;6;3896;20;3.940000057;3.210000038
étude;f;5;4;11831;403;6.360000134;3.74000001
étudiant;m;8;6;2854;132;6.489999771;5.889999866
étudiante;f;9;7;-1;132;6.260000229;6.010000229
euphorie;f;8;5;455;10;1.970000029;3.549999952
événement;m;9;6;13847;103;4.519999981;3.140000105
évolution;f;9;8;4573;136;4.309999943;3.00999999
examen;m;6;6;4535;98;5.96999979;5.480000019
excuse;f;6;6;2982;15;5.789999962;2.930000067
exemple;m;7;7;25300;135;6.099999905;3.49000001
exercice;m;8;8;5015;154;5.989999771;5.46999979
existence;f;9;8;21999;182;4.010000229;2.230000019
expérience;f;10;9;21531;286;5.489999771;3.109999895
expérimentateur;m;15;14;187;1;2.970000029;4.269999981
explication;f;11;11;6619;61;5.46999979;2.920000076
exposition;f;10;10;1884;90;3.829999924;4.929999828
expression;f;10;9;15541;135;4.920000076;3.25999999
extincteur;m;10;9;4;0;3.289999962;6.130000114
extrémité;f;9;10;3007;38;4.170000076;4.099999905
fabricant;m;9;7;361;16;3.799999952;3.5
façade;f;6;5;2476;26;2.660000086;4.849999905
facilité;f;8;8;2658;26;5.239999771;2.450000048
façon;f;5;4;26542;458;5.630000114;2.029999971
facteur;m;7;6;3586;101;4.380000114;5.570000172
faculté;f;7;7;4713;81;4.769999981;3.220000029
faiblesse;f;9;6;6445;62;4.119999886;3.049999952
faim;f;4;2;5768;66;6.440000057;4.28000021
fainéant;m;8;5;323;0;1.950000048;2.930000067
faisceau;m;8;4;1101;42;2.420000076;4.260000229
falaise;f;7;5;1165;19;3;6.119999886
famille;f;7;5;22586;388;6.260000229;6.039999962
fanal;m;5;5;361;6;2.410000086;5.449999809
fardeau;m;7;5;1272;16;2.829999924;3.890000105
farfadet;m;8;7;25;1;1.139999986;2.109999895
farine;f;6;5;629;10;5.25;6.480000019
fatigue;f;7;5;7385;40;5.989999771;4.46999979
faute;f;5;3;14771;65;5.900000095;3.390000105
fauteuil;m;8;5;6602;70;5.130000114;6.809999943
femme;f;5;3;85992;832;6.25;6.71999979
femmelette;f;10;6;29;1;2.220000029;3.74000001
fenêtre;f;7;7;19642;117;5.769999981;6.739999771
fente;f;5;3;710;6;3.589999914;5.340000153
fer;m;3;3;10184;115;4.230000019;5.519999981
ferme;f;5;5;3475;70;4.420000076;6.179999828
fermier;m;7;6;1250;17;4.28000021;6.239999771
fermière;f;8;7;-1;17;3.359999895;5.630000114
fête;f;4;3;9274;96;5.679999828;6.150000095
feu;m;3;2;22637;164;5.349999905;6.78000021
feuille;f;7;3;10265;98;5.920000076;6.570000172
fibre;f;5;5;1165;82;3.609999895;4.760000229
fiche;f;5;3;821;9;3.940000057;5.179999828
fidélité;f;8;8;2850;30;4.559999943;3.589999914
figurine;f;8;7;80;4;2.289999962;5.78000021
fil;m;3;3;4756;66;4.670000076;6.340000153
filet;m;5;4;2382;29;4.110000134;6.28000021
fille;f;5;3;43921;503;6.150000095;6.739999771
fillette;f;8;5;1501;21;3.269999981;6.269999981
film;m;4;4;1710;253;5.789999962;6.360000134
filtre;m;6;6;148;4;3.609999895;5.460000038
finissante;f;10;7;-1;7;4.429999828;4.829999924
flanelle;f;8;6;438;3;2.75999999;4.670000076
flatteur;m;8;6;1135;;2.809999943;2.99000001
fleur;f;5;4;16417;159;5.269999981;6.829999924
fleuve;m;6;4;5654;40;3.900000095;6.389999866
flocon;m;6;5;429;4;4.460000038;6.679999828
flotteur;m;8;6;63;1;2.329999924;5.400000095
flux;m;4;3;2016;17;2.390000105;3.049999952
foi;f;3;3;15987;178;3.769999981;3.359999895
foire;f;5;4;1752;18;2.460000038;4.760000229
fois;f;4;3;100100;959;6.050000191;2.50999999
folie;f;5;4;6594;39;4.320000172;3.339999914
folklore;m;8;7;178;8;2.579999924;4.46999979
fonction;f;8;6;10376;244;4.809999943;2.589999914
fonctionnement;m;14;9;2276;38;4.190000057;2.470000029
fond;m;4;2;38148;182;4.46999979;4.480000019
fondateur;m;9;7;735;23;3.349999905;3.5
fondatrice;f;10;8;-1;23;2.779999971;3.039999962
fondue;f;6;4;442;6;4.199999809;6.110000134
fontaine;f;8;5;2807;7;3.849999905;6.599999905
force;f;5;5;52685;289;5.349999905;3.809999943
forêt;f;5;4;7823;105;4.909999847;6.679999828
foreuse;f;7;5;-1;0;1.470000029;4.159999847
forgeron;m;8;7;416;4;2.710000038;5.699999809
formation;f;9;8;3735;169;4.03000021;2.640000105
forme;f;5;5;39569;374;5.050000191;4.400000095
fortune;f;7;6;6207;68;4.199999809;4.619999886
fou;m;3;2;18034;35;5.210000038;4.769999981
fouet;m;5;3;1540;11;3.349999905;6.670000076
four;m;4;3;1012;9;5.179999828;6.599999905
fourmilière;f;11;9;361;2;2.359999895;5.610000134
fournaise;f;9;6;327;1;4.960000038;6.550000191
foyer;m;5;5;3884;79;4.519999981;6.210000038
fragment;m;8;6;2739;15;2.390000105;4.309999943
fraise;f;6;4;612;4;5.320000172;6.940000057
fraudeur;m;8;6;127;0;2.970000029;3.130000114
frère;m;5;4;19106;165;5.880000114;6.260000229
friandise;f;9;8;199;1;3.589999914;6.079999924
fric;m;4;4;131;2;2.349999905;5.559999943
froid;m;5;4;16715;78;6.320000172;4.929999828
fromage;m;7;6;1348;64;5.630000114;6.650000095
front;m;5;3;19782;84;4.550000191;6.139999866
frontière;f;9;7;4730;69;4.349999905;4.989999771
frousse;f;7;4;255;0;2.5;3.630000114
fuite;f;5;4;3960;19;2.960000038;4.239999771
fumée;f;5;4;5743;38;5.110000134;6.420000076
fumeur;m;6;5;365;2;5.539999962;6.230000019
fumeuse;f;7;5;-1;2;4.71999979;5.880000114
fusée;f;5;4;987;67;3.549999952;6.590000153
fusil;m;5;4;4467;24;4.389999866;6.820000172
fuyard;m;6;6;221;0;1.909999967;3.660000086
gaffe;f;5;3;527;1;3.609999895;3.789999962
gag;m;3;3;38;1;2.420000076;3.539999962
gagnant;m;7;4;510;6;5.510000229;5.110000134
gaillard;m;8;5;1548;17;1.940000057;3.49000001
gain;m;4;2;1161;33;3.200000048;3.309999943
galle;f;5;3;34;0;2.730000019;4.860000134
gamelle;f;7;5;433;;1.74000001;4.690000057
gamine;f;6;5;514;15;2.599999905;5.119999886
gant;m;4;2;2271;25;5.71999979;6.880000114
garçon;m;6;5;18506;156;5.809999943;6.760000229
garçonnet;m;9;7;123;2;2.460000038;5.349999905
gardienne;f;9;7;-1;25;5.130000114;5.289999962
gare;f;4;3;6211;38;3.079999924;6.400000095
gazon;m;5;4;901;7;4.130000114;6.429999828
géant;m;5;3;2339;15;3.799999952;6.440000057
générateur;m;10;9;;7;3.150000095;4.360000134
génération;f;10;9;5547;62;4.619999886;4
générosité;f;10;10;2280;15;4.429999828;3.50999999
genou;m;5;4;9227;69;5.239999771;6.650000095
genre;m;5;3;12571;190;4.690000057;2.779999971
gentillesse;f;11;7;1667;14;4.039999962;3.670000076
géométrie;f;9;8;1854;11;3.529999971;4.71999979
gérant;m;6;4;416;11;4.909999847;4.650000095
geste;v;5;5;24232;164;4.429999828;4.300000191
gibecière;f;9;7;76;1;1.129999995;2.819999933
gibier;m;6;5;940;14;2.890000105;5.760000229
gicleur;m;7;6;-1;1;1.590000033;4.099999905
gilet;m;5;4;1140;1;5.960000038;6.570000172
gitane;f;6;5;-1;3;1.970000029;4.21999979
glace;f;5;4;5900;80;5.289999962;6.380000114
glaise;f;6;4;455;1;2.440000057;5.53000021
gland;m;5;3;263;4;2.940000057;5.409999847
glande;f;6;4;859;9;3.910000086;3.890000105
glotte;f;6;4;59;0;1.529999971;3.019999981
gobelet;m;7;5;353;1;2.519999981;6.090000153
godasse;f;7;5;140;0;1.49000001;4.199999809
gorge;f;5;5;5305;46;5;6.130000114
gosier;m;6;5;497;2;1.830000043;3.75999999
gouffre;m;7;5;1301;6;1.75999999;4.380000114
goulot;m;6;4;216;2;1.789999962;4.289999962
gourmande;f;9;6;-1;0;4.21999979;4.5
gourmet;m;7;5;182;1;3.390000105;4.300000191
gouttière;f;9;6;365;4;2.970000029;5.789999962
gouvernement;m;12;9;16060;440;5.539999962;4.420000076
gouverneur;m;10;8;2067;36;4.070000172;4.630000114
grain;m;5;3;3926;43;4.340000153;6.349999905
graine;f;6;4;1910;10;4.769999981;6.059999943
grand-mère;f;10;6;774;27;5.179999828;6.550000191
grand-père;m;10;6;5049;22;4.960000038;6.570000172
grand-route;f;11;6;76;0;3.25;5.760000229
grange;f;6;4;1727;8;3.700000048;6.369999886
grelot;m;6;5;459;1;2.660000086;5.420000076
grenat;m;6;5;340;0;1.570000052;3.769999981
grenier;m;7;6;2139;19;4.079999924;6.110000134
gribouillis;m;11;7;21;0;1.940000057;4.269999981
grief;m;5;6;1225;15;2.25999999;3.029999971
griffe;f;6;4;1016;17;3.559999943;6.090000153
grotte;f;6;4;969;15;2.799999952;6.179999828
groupe;m;6;4;13983;387;5.679999828;5.25
guérison;f;8;6;940;21;3.529999971;3.670000076
guerre;f;6;3;43649;369;5.329999924;5.380000114
guerrier;m;8;5;2008;4;3.309999943;5.400000095
gueule;f;6;3;2888;14;4.289999962;6.079999924
guillemet;m;9;5;97;0;2.950000048;5.690000057
guillotine;f;10;7;263;2;2.019999981;5.909999847
guirlande;f;9;6;553;5;3.75999999;6.269999981
guitare;f;7;5;433;21;4.119999886;6.789999962
gymnastique;f;11;9;910;13;3.960000038;5.320000172
habitant;m;8;5;2999;77;4.409999847;4.949999809
habitude;f;8;6;17510;139;5.510000229;3.190000057
haine;f;5;3;8202;53;3.839999914;3.609999895
haricot;m;7;6;616;2;3.319999933;6.619999886
harnais;m;7;5;242;1;2.109999895;4.739999771
harpon;m;6;5;63;4;1.840000033;5.670000076
hasard;m;6;5;12635;95;4.510000229;2.230000019
hautbois;m;8;5;102;2;1.940000057;4.380000114
hauteur;f;7;5;6704;70;4.880000114;4.730000019
haut-parleur;m;12;8;238;15;3.730000019;6.510000229
hélicoptère;m;11;9;8;15;3.670000076;6.630000114
herbe;f;5;4;8572;58;5.090000153;6.650000095
héritière;f;9;7;-1;16;3.130000114;3.599999905
hêtre;m;5;5;446;4;1.440000057;3.940000057
heure;f;5;2;86928;931;6.679999828;4.610000134
histoire;f;8;6;35502;350;5.269999981;3.789999962
historien;m;9;7;2318;49;3.650000095;4.059999943
hiver;m;5;4;8257;99;6.159999847;6.210000038
homme;m;5;2;199119;1585;6.440000057;6.670000076
homosexuelle;f;12;10;-1;1;4.860000134;4.889999866
honnêteté;f;9;6;1220;11;4.590000153;2.789999962
honte;f;5;3;9236;35;4.630000114;3.130000114
hôpital;m;7;6;3922;167;5.659999847;6.679999828
horaire;m;7;4;344;20;5.820000172;5.070000172
horizon;m;7;5;6879;45;3.380000114;5.739999771
horloge;f;7;5;1386;12;5.21999979;6.820000172
horoscope;m;9;7;106;1;4.659999847;4.849999905
horreur;f;7;4;9316;48;3.900000095;3.99000001
hôtel;m;5;4;12954;126;5;6.449999809
huile;f;5;3;2412;47;5.139999866;5.829999924
humanisme;m;9;8;1357;7;2.849999905;2.380000114
humeur;f;6;4;7279;37;5.440000057;3.539999962
humidité;f;8;7;974;13;4.650000095;3.400000095
hypnose;f;7;5;119;0;3.049999952;3.789999962
hypnotiseur;m;11;9;42;0;3.130000114;4.590000153
hypothèse;f;9;6;4539;54;4.71999979;2.180000067
idéal;m;5;5;5777;41;4.590000153;2.369999886
idée;f;4;3;61326;381;6.050000191;3.269999981
illusion;f;8;6;8538;58;3.890000105;3.380000114
image;f;5;4;28325;159;4.909999847;4.849999905
imagination;f;11;10;11035;46;5.099999905;2.910000086
immensité;f;9;7;1433;5;2.980000019;3.890000105
importance;f;10;7;11746;206;5.599999905;2.460000038
impression;f;10;7;15741;164;4.949999809;2.559999943
incendie;m;8;5;2361;49;4.190000057;6.679999828
inconscient;m;11;6;5415;11;4.420000076;2.950000048
indépendance;f;12;8;3343;65;5.179999828;3.319999933
individu;m;8;7;10746;105;4.820000172;5.130000114
infini;m;6;5;8827;28;4.360000134;2.630000114
infirmerie;f;10;8;370;4;3.849999905;5.789999962
infirmière;f;10;8;816;72;5.269999981;6.119999886
information;f;11;9;2807;115;5.739999771;3.680000067
injustice;f;9;7;3046;25;4.579999924;2.50999999
innocence;f;9;6;2824;15;4.300000191;3.00999999
insecte;m;7;6;2539;39;4.670000076;6.630000114
instant;m;7;4;35621;215;5.130000114;2.420000076
instinct;m;8;4;10486;45;4.329999924;2.569999933
institution;f;11;9;2629;120;4.110000134;5.179999828
instrument;m;10;7;6526;87;4.78000021;5.78000021
intelligence;f;12;8;14549;92;5.480000019;2.650000095
intention;f;9;6;9899;108;4.590000153;2.559999943
intérêt;m;7;5;16630;257;5.019999981;3.019999981
interrupteur;m;12;9;106;4;2.75999999;5.179999828
intervalle;m;10;7;2935;47;3.680000067;3.150000095
intestin;m;8;6;357;6;4.340000153;5.96999979
invention;f;9;6;4028;28;4.150000095;4.590000153
inverse;m;7;6;2373;17;3.900000095;3.339999914
ire;f;3;2;1693;1;1.24000001;2.109999895
jalousie;f;8;6;3305;19;4.96999979;3.289999962
jambe;f;5;3;11439;98;5.769999981;6.78000021
jante;f;5;3;46;1;1.309999943;2.589999914
jaquette;f;8;5;748;6;4.860000134;6.139999866
jardin;m;6;5;14975;80;4.559999943;6.340000153
jardinier;m;9;8;1301;10;2.720000029;6.179999828
jarretière;f;10;7;140;0;2.440000057;5.929999828
jatte;f;5;3;144;1;1.25;2.589999914
javelot;m;7;5;110;2;2.349999905;6.309999943
jazz;m;4;4;361;15;3.569999933;4.760000229
jeu;m;3;2;21373;252;5.369999886;5.300000191
jeunesse;f;8;5;11001;121;5.239999771;4.329999924
joie;f;4;3;22777;125;5.300000191;4.170000076
jongleur;m;8;6;493;0;2.900000095;5.699999809
joueuse;f;7;4;-1;71;4.070000172;4.400000095
jour;m;4;3;130786;1222;6.480000019;5.119999886
journal;m;7;6;20854;251;6.070000172;6.679999828
journée;f;7;5;15753;162;6.289999962;4.46999979
juge;m;4;3;6079;158;4.460000038;5.849999905
jugement;m;8;5;9444;79;4.650000095;3.039999962
jumeau;m;6;4;480;4;4.610000134;6.010000229
jungle;f;6;5;348;12;3.039999962;6.309999943
justice;f;7;6;10125;126;5.349999905;3.220000029
justicier;m;9;8;242;0;2.420000076;3.730000019
kilomètre;m;9;9;4781;155;5.269999981;3.980000019
labeur;m;6;5;1212;8;2.029999971;3.029999971
laboureur;m;9;7;442;3;3;5.409999847
lac;m;3;3;2616;113;4.949999809;6.539999962
lacet;m;5;4;680;0;4.019999981;6.579999924
lâcheuse;f;8;5;-1;0;3.279999971;2.99000001
laine;f;5;3;2480;30;5.050000191;6.300000191
lait;m;4;2;4649;94;6.460000038;6.559999943
laitier;m;7;5;319;2;3.910000086;5.349999905
laitue;f;6;4;199;1;4.949999809;6.800000191
lambeau;m;7;4;1123;6;2.00999999;4.309999943
lame;f;4;3;1535;29;3.880000114;6.159999847
lampe;f;5;3;7155;83;5.289999962;6.710000038
langage;m;7;5;12554;92;5.539999962;3.5
langue;f;6;3;;185;5.340000153;6.050000191
languette;f;9;5;25;1;2.029999971;3.910000086
lanière;f;7;6;263;1;1.940000057;4.230000019
lapin;m;5;4;2012;16;3.690000057;6.809999943
laquais;m;7;4;293;2;1.320000052;3.670000076
larme;f;5;5;10674;46;5.059999943;6.630000114
larron;m;6;4;229;2;1.330000043;3.119999886
lassitude;f;9;7;2080;19;2.019999981;3.119999886
latte;f;5;3;242;1;1.74000001;4.010000229
laurier;m;7;5;548;7;2.5;4.980000019
lavabo;m;6;6;395;9;4.809999943;6.559999943
laveuse;f;7;5;-1;0;5.389999866;6.539999962
leçon;f;5;4;6789;60;4.610000134;3.859999895
lectrice;f;8;7;-1;102;3.49000001;4.650000095
lecture;f;7;6;8342;66;5.579999924;4.429999828
légende;f;7;5;2535;35;3.539999962;4.019999981
légume;v;6;5;1165;21;5.829999924;6.570000172
lendemain;m;9;5;12099;137;4.989999771;2.880000114
lettre;f;6;5;38369;245;5.730000019;6.539999962
levier;m;6;5;553;7;3.269999981;5.320000172
libérale;f;8;7;-1;12;4.900000095;3.109999895
libération;f;10;9;3497;40;3.890000105;3.640000105
liberté;f;7;7;20369;202;4.889999866;3.690000057
librairie;f;9;7;782;11;5.010000229;6.340000153
licence;f;7;5;901;13;5.019999981;6.150000095
lien;m;4;3;4947;59;4.380000114;3.089999914
lieu;m;4;3;32937;410;4.610000134;3.910000086
lieutenant;m;10;6;2888;41;3.369999886;4.980000019
lièvre;m;6;6;1216;11;3.339999914;6.639999866
ligne;f;5;3;20727;211;5.130000114;6.260000229
limite;f;6;5;9308;133;5.059999943;3.529999971
linge;m;5;3;3403;10;6.269999981;6.360000134
lion;m;4;3;1791;29;3.779999971;6.809999943
lionne;f;6;4;-1;29;2.660000086;6.25
liqueur;f;7;5;910;16;5.409999847;6.099999905
lisière;f;7;6;1148;5;2.470000029;4
lit;m;3;2;20416;155;6.440000057;6.840000153
litière;f;7;6;450;2;3.309999943;6.25
littérature;f;11;9;7972;73;4.03000021;3.779999971
livreuse;f;8;6;-1;1;2.940000057;4.480000019
local;m;5;5;2671;29;5.110000134;5.050000191
logicien;m;8;7;442;1;1.769999981;2.559999943
logique;f;7;5;5909;31;4.730000019;2.680000067
loi;f;3;3;19008;332;5.699999809;3.50999999
louange;f;7;4;1335;5;2.730000019;2.74000001
loup;m;4;2;3884;42;3.539999962;6.409999847
louveteau;m;9;5;25;0;2.180000067;5.670000076
loyer;m;5;5;416;11;4.510000229;4.360000134
lucarne;f;7;7;561;2;1.659999967;5.340000153
lumière;f;7;6;29048;218;6.179999828;5.920000076
lune;f;4;3;8449;52;5.28000021;6.78000021
lunette;f;7;5;2450;26;5.940000057;6.690000057
lutin;m;5;4;80;2;2.220000029;6.050000191
lutteur;m;7;5;382;3;3.49000001;5.730000019
machin;m;6;4;221;1;2.460000038;3.230000019
machine;f;7;5;7377;194;5.400000095;5.46999979
mâchoire;f;8;6;1812;11;4.400000095;6.5
madame;f;6;5;10946;344;5.989999771;6.159999847
mademoiselle;f;12;9;4662;111;5.239999771;4.889999866
madrier;m;7;7;174;2;2.25;4.829999924
magasin;m;7;6;2931;71;6.510000229;6.440000057
magicien;m;8;7;646;4;3.809999943;6
maille;f;6;3;489;9;3.099999905;5.309999943
maillot;m;7;4;391;7;4.210000038;6.480000019
main;f;4;2;89209;588;5.940000057;6.840000153
maison;f;6;4;50652;453;6.360000134;6.909999847
maître;m;6;5;21943;174;3.99000001;4.989999771
mal;m;3;3;26023;158;5.96999979;3.890000105
maladie;f;7;6;8836;149;5.489999771;5.179999828
malheur;m;7;5;11290;52;4.599999905;3.130000114
mamelle;f;7;5;344;1;2.420000076;5.789999962
manière;f;7;6;25947;228;5.360000134;2.829999924
manque;m;6;3;2446;78;5.409999847;2.430000067
mansarde;f;8;7;421;3;1.330000043;2.359999895
manteau;m;7;4;4794;42;6.059999943;6.800000191
marais;m;6;4;1101;8;2.75999999;5.429999828
marathon;m;8;6;8;1;3.210000038;5.590000153
marchand;m;8;5;4228;35;2.960000038;5.420000076
marchande;f;9;6;672;35;3.160000086;4.380000114
marché;m;6;5;6053;204;5.150000095;5.590000153
maréchale;f;9;7;110;3;1.690000057;3.099999905
margelle;f;8;6;229;0;1.309999943;2.279999971
marginal;m;8;8;;1;3.140000105;2.730000019
marguillier;m;11;7;76;0;1.49000001;2.470000029
mari;m;4;4;11720;189;5.440000057;5.5
mariage;m;7;6;9006;105;4.989999771;5.539999962
marin;m;5;4;2888;21;3.460000038;5.989999771
marionnette;f;11;8;259;12;2.670000076;6.21999979
marmotte;f;8;6;144;1;3.539999962;6.320000172
marquise;f;8;6;1280;13;1.889999986;3.980000019
marraine;f;8;5;238;5;4.510000229;4.940000057
marteau;m;7;5;1169;10;4.96999979;6.889999866
masque;m;6;5;3573;37;3.829999924;6.230000019
massue;f;6;4;199;1;1.830000043;4.559999943
matelot;m;7;5;880;13;2.940000057;6
matériel;m;8;8;8963;62;4.78000021;4.400000095
mathématicienne;f;15;12;-1;8;2.579999924;4.159999847
matière;f;7;6;13660;210;4.909999847;3.559999943
matin;m;5;4;35885;249;6.010000229;4.829999924
matrice;f;7;6;170;5;2.279999971;3.880000114
maximum;m;7;8;2510;59;5.380000114;3.119999886
mayonnaise;f;10;7;76;0;5.21999979;6.559999943
mécanicien;m;10;9;799;11;4.369999886;5.960000038
mécanisme;m;9;9;6143;50;4.159999847;3.569999933
méchanceté;f;10;7;1386;4;3.390000105;3.660000086
médecin;m;7;5;9291;161;5.849999905;6.059999943
médiante;f;8;6;4;0;2.00999999;3.039999962
médiateur;m;9;8;268;4;2.650000095;3.549999952
médicament;m;10;8;416;28;4.949999809;5.699999809
méditation;f;10;9;3837;;3.329999924;3.980000019
mélodie;f;7;6;1391;15;3.25;3.809999943
membre;m;6;5;6977;304;5.340000153;5.099999905
mémoire;f;7;6;12129;58;5.769999981;2.529999971
ménagère;f;8;7;701;5;4.070000172;5.28000021
mendiant;m;8;5;1433;12;3.309999943;5.369999886
mentalité;f;9;8;740;23;4.239999771;2.369999886
menteuse;f;8;5;-1;2;4.880000114;3.339999914
menton;m;6;4;3114;26;5.159999847;6.710000038
menuisier;m;9;8;370;6;3.220000029;5.480000019
mépris;m;6;5;6036;37;2.710000038;2.809999943
mer;f;3;3;21416;212;1.190000057;6.619999886
merde;f;5;5;1186;2;4.550000191;5.880000114
mère;f;4;3;47903;318;6.489999771;6.489999771
merle;m;5;5;612;3;2.019999981;5.800000191
mesure;f;6;5;24415;398;5.179999828;4.380000114
métal;m;5;5;2233;54;4.800000191;5.429999828
métaphysique;f;12;9;5534;8;1.840000033;2.019999981
méthode;f;7;5;8168;245;5.550000191;2.349999905
métier;m;6;5;8117;113;4.610000134;4.46999979
mètre;m;5;5;7168;146;5.110000134;5.559999943
métro;m;5;5;1454;121;3.569999933;6.28000021
meurtrier;m;9;8;1284;4;4.010000229;4.949999809
mexicain;m;8;7;408;2;3.619999886;5.980000019
micro;m;5;5;85;19;4.050000191;5.769999981
miel;m;4;4;1514;36;4.210000038;6.710000038
migraine;f;8;6;463;7;4.670000076;3.900000095
milieu;m;6;5;29405;340;5.360000134;4.369999886
milliard;m;8;6;1072;66;3.720000029;4.119999886
millier;m;7;5;3471;86;4.090000153;3.980000019
million;m;7;5;5398;347;5.300000191;4.949999809
minéral;m;7;7;646;5;3.529999971;4.139999866
mineur;m;6;5;1344;8;4.300000191;5.449999809
minimum;m;7;7;1642;36;5.199999809;2.930000067
minute;f;6;5;20510;229;6.320000172;4.429999828
miroir;m;6;6;3982;34;5.699999809;6.659999847
misère;f;6;5;7653;44;4.550000191;3.710000038
mitaine;f;7;5;119;0;5.300000191;6.679999828
mitrailleuse;f;12;8;2122;11;3.049999952;6.349999905
mobilier;m;8;7;608;9;3.369999886;5.159999847
mode;v;4;3;8674;139;5.25;4.409999847
modèle;m;6;5;6483;92;4.880000114;4.889999866
moelle;f;6;4;638;4;3.630000114;4.949999809
moine;m;5;4;1714;22;2.309999943;6.010000229
moineau;m;7;5;425;3;3.190000057;6.130000114
mois;m;4;3;26066;469;6.03000021;4.630000114
moitié;f;6;6;7160;96;5.389999866;5.159999847
moment;m;6;4;69490;604;5.199999809;2.569999933
monastère;m;9;8;808;0;2.049999952;5.150000095
monceau;m;7;4;323;3;1.299999952;2.140000105
monde;m;5;3;102291;995;6.03000021;5.409999847
monitrice;f;9;8;-1;19;4.309999943;4.929999828
monologue;m;9;7;867;4;3.24000001;4.880000114
monsieur;m;8;5;24926;1190;6.25;5.800000191
montagnard;m;10;7;357;3;1.929999948;5.170000076
montagnarde;f;11;9;-1;3;2.00999999;4.230000019
montagne;f;8;5;10129;96;4.329999924;6.730000019
montre;f;6;5;2773;20;5.659999847;6.599999905
moquette;f;8;5;110;1;1.820000052;4.53000021
morale;f;6;5;-1;31;4.849999905;2.440000057
morceau;m;7;5;7708;54;5.489999771;5.260000229
morphine;f;8;6;378;20;3.569999933;4.019999981
mot;m;3;2;68528;371;6.170000076;5.190000057
moteur;m;6;5;2752;67;5.449999809;6.170000076
moto;f;4;4;157;5;3.930000067;6.489999771
motte;f;5;3;570;4;2.119999886;4.090000153
mouche;f;6;3;3373;22;4.699999809;6.699999809
mouchoir;m;8;6;2710;13;4.460000038;6.440000057
mouette;f;7;4;425;5;2.809999943;6.190000057
moulin;m;6;4;1816;31;3.160000086;6.360000134
moustache;f;9;6;3309;15;4.409999847;6.619999886
moutarde;f;8;7;280;3;5.300000191;6.309999943
mouton;m;6;4;2237;15;3.349999905;6.829999924
mouvement;m;9;5;35174;253;5.360000134;4.880000114
moyen;m;5;5;26844;366;4.980000019;2.539999962
mur;m;3;3;19472;169;5.420000076;6.460000038
mûre;f;4;3;110;0;3.559999943;4.440000057
muscle;m;6;6;3752;40;5.519999981;6.170000076
museau;m;6;4;693;12;3.640000105;6.309999943
musicienne;f;10;8;-1;36;4.849999905;5.75
musique;f;7;5;16719;139;6.179999828;5.230000019
mythe;m;5;3;2905;31;3.160000086;3.150000095
nageuse;f;7;5;;3;4.53000021;5.889999866
nain;m;4;2;480;2;3.059999943;6.360000134
naissance;f;9;5;6317;92;4.940000057;5.840000153
narine;f;6;5;1412;9;4.210000038;6.5
narrateur;m;9;7;344;16;3.140000105;4.179999828
nature;f;6;5;35766;207;5.159999847;5.619999886
nécessité;f;9;8;10720;124;4.210000038;2.390000105
négociateur;m;11;10;123;1;3.119999886;3.49000001
neige;f;5;3;6585;114;5.869999886;6.71999979
néon;m;4;3;63;5;2.619999886;5.699999809
nerf;m;4;3;3224;41;5.260000229;5.039999962
niais;m;5;3;1025;2;1.909999967;2.420000076
nid;m;3;2;2152;8;3.359999895;6.659999847
niveau;m;6;4;4828;217;4.860000134;3.819999933
noeud;m;5;2;2327;16;4.369999886;6.019999981
noir;m;4;4;33626;69;5.690000057;6.460000038
noisetier;m;9;7;178;0;1.75999999;4.650000095
noix;f;4;3;727;7;3.950000048;6.599999905
nom;m;3;2;38152;378;6.389999866;4.730000019
nombre;m;6;5;15549;415;5.429999828;4.989999771
nonne;f;5;3;182;3;1.75999999;4.599999905
norme;f;5;5;693;33;3.430000067;2.5
nostalgie;f;9;8;1820;19;2.329999924;2.769999981
notaire;m;7;5;1871;33;3.50999999;4.809999943
notion;f;6;5;8819;98;3.579999924;2.279999971
nuage;m;5;4;6411;27;5.380000114;6.559999943
nuit;f;4;3;56425;374;5.980000019;5.539999962
numéro;m;6;6;4654;184;5.829999924;5.989999771
objet;m;5;4;32252;221;5.440000057;4.599999905
obligation;f;10;9;3114;68;4.409999847;2.900000095
observateur;m;11;10;1935;21;4.269999981;4.179999828
occasion;f;8;6;12541;210;4.389999866;2.619999886
occupation;f;10;8;3318;33;4.559999943;3.630000114
odeur;f;5;4;12214;61;4.809999943;3.5
oeil;m;4;2;19306;646;5.420000076;6.860000134
oeillet;m;7;3;506;1;2.829999924;5.789999962
oeuf;m;4;2;3488;60;4.900000095;6.860000134
oie;f;3;2;880;15;2.279999971;6.429999828
oiseau;m;6;4;11205;64;5.449999809;6.78000021
omelette;f;8;5;297;1;5.179999828;6.760000229
oncle;m;5;4;8347;19;5.139999866;5.650000095
ongle;m;5;4;2607;14;5.190000057;6.679999828
onguent;m;7;3;123;3;3.24000001;5.179999828
opération;f;9;8;11520;154;4.630000114;5.239999771
opinion;f;7;6;9512;133;5.5;2.890000105
optimisme;m;9;9;1284;16;4.059999943;2.75999999
option;f;6;5;395;20;4.289999962;2.630000114
orage;m;5;4;4105;25;4.139999866;6.050000191
orange;v;6;4;1165;19;5.380000114;6.769999981
ordinateur;m;10;9;-1;17;5.579999924;6.690000057
ordre;m;5;5;38003;327;5.019999981;3.529999971
ordure;f;6;5;1089;4;3.200000048;5.869999886
oreille;f;7;4;14052;102;5.079999924;6.730000019
oreiller;m;8;5;1727;9;5.909999847;6.78000021
oreillette;f;10;6;51;0;2.119999886;3.859999895
organe;m;6;5;4458;35;4.570000172;5.800000191
organisation;f;12;11;6589;121;4.900000095;2.99000001
orgue;v;5;4;1186;27;3.190000057;6.429999828
orgueil;m;7;5;8525;49;3.910000086;2.900000095
originalité;f;11;11;1654;22;4.389999866;2.730000019
ornement;m;8;6;1833;8;2.920000076;5.010000229
osselet;m;7;4;59;0;2.019999981;5.010000229
ourlet;m;6;4;131;1;1.850000024;3.849999905
oursin;m;6;4;97;4;1.909999967;5.860000134
outil;m;5;3;2514;33;4.929999828;6.139999866
ouvrage;m;7;5;7457;118;5.019999981;4.230000019
ouvrier;m;7;6;8138;89;4.03000021;5.579999924
paillasson;m;10;6;195;2;1.549999952;4.800000191
paille;f;6;3;3390;24;3.589999914;6.449999809
paillis;m;7;4;21;2;1.279999971;2.109999895
pain;m;4;2;8687;36;6.440000057;6.789999962
paix;f;4;2;16196;145;5.329999924;3.599999905
palais;m;6;4;5785;52;3.059999943;6.239999771
palette;f;7;5;289;4;3.329999924;5.019999981
palissade;f;9;7;399;9;1.679999948;4.710000038
panais;m;6;4;21;0;1.620000005;3.390000105
panier;m;6;5;2259;18;4.909999847;6.389999866
panique;f;7;5;1484;20;4.96999979;4.260000229
pantalon;m;8;6;2846;34;5.559999943;6.630000114
pantin;m;6;4;259;2;2.039999962;5.110000134
papier;m;6;5;13545;188;6.199999809;6.590000153
papillon;m;8;6;1608;45;3.890000105;6.849999905
paquebot;m;8;5;778;15;2.220000029;5.940000057
paquet;m;6;4;4347;52;4.650000095;5.769999981
paradis;m;7;6;3399;32;3.809999943;4.710000038
parapluie;m;9;8;1025;11;4.909999847;6.769999981
parc;m;4;4;3318;48;4.889999866;6.179999828
parchemin;m;9;7;259;5;2.24000001;5.619999886
parent;m;6;4;10027;273;6.380000114;6.239999771
paresse;f;7;5;2110;8;4.909999847;3.950000048
parfum;m;6;5;4386;45;5.179999828;5.840000153
parleur;m;7;6;191;2;3.650000095;4.150000095
parloir;m;7;7;480;8;1.799999952;4.590000153
parole;f;6;5;29082;183;5.110000134;3.599999905
parquet;m;7;5;1259;26;2.450000048;4.5
parrain;m;7;4;446;5;4.440000057;4.980000019
participante;f;12;10;-1;17;4.559999943;4.170000076
partie;f;6;5;29193;532;5.269999981;3.970000029
partisane;f;9;8;-1;41;2.400000095;3.559999943
partition;f;9;8;493;4;2.25999999;3.829999924
passage;m;7;5;14154;145;4.300000191;4.349999905
passé;m;5;4;10525;118;5.159999847;3.069999933
passerelle;f;10;6;1021;18;3.00999999;5.480000019
passion;f;7;5;17098;85;4.119999886;4.340000153
pasteur;m;7;6;1808;37;2.819999933;5.099999905
patient;m;7;5;2246;47;5.260000229;5
patineuse;f;9;7;-1;10;4.369999886;6.409999847
pâtissier;m;9;7;344;1;3.269999981;5.96999979
patronne;f;8;6;1531;45;4.420000076;4.579999924
patte;f;5;3;4177;38;4.28000021;6.260000229
pauvreté;f;8;7;2378;25;4.880000114;4.53000021
pavé;m;4;4;2254;7;3.609999895;6.010000229
pays;m;4;3;28223;821;5.590000153;5.690000057
paysage;m;7;6;7334;41;4.230000019;5.980000019
paysanne;f;8;5;;49;2.660000086;4.739999771
peau;f;4;2;8951;118;5.440000057;6.369999886
péché;m;5;4;7028;17;3.75999999;3.190000057
pédale;f;6;5;229;9;4.489999771;6.71999979
peigne;m;6;3;608;7;5.659999847;6.789999962
peine;f;5;3;20803;329;5.28000021;3.99000001
peintre;m;7;5;6351;70;3.589999914;6.03000021
peinture;f;8;5;7330;118;4.21999979;6.400000095
pèlerin;m;7;5;1135;3;1.850000024;3.910000086
pendaison;f;9;6;46;1;2.279999971;5.949999809
pénitencier;m;11;9;187;6;2.99000001;5.71999979
pensée;f;6;4;55408;207;5.119999886;2.819999933
penseur;m;7;5;2067;11;3.660000086;4.110000134
pensionnat;m;10;7;395;5;3.130000114;4.909999847
pente;f;5;3;5220;49;4.570000172;5.909999847
pénurie;f;7;6;314;21;2.579999924;3.069999933
pépinière;f;9;8;255;2;2.089999914;4.420000076
perceuse;f;8;6;-1;0;2.569999933;5.900000095
père;m;4;3;50596;520;6.340000153;6.570000172
période;f;7;6;6836;208;5.269999981;3.200000048
permission;f;10;8;2365;16;4.960000038;3.230000019
personnage;m;10;8;11112;134;4.420000076;4.739999771
personnalité;f;12;11;4722;27;5.340000153;2.799999952
peuplier;m;8;7;1080;4;2.880000114;5.880000114
peur;f;4;3;27517;155;5.849999905;3.319999933
pharaon;m;7;5;225;3;1.730000019;5.599999905
pharmacie;f;9;7;480;7;5.210000038;6.440000057
pharmacien;m;10;8;718;5;4.170000076;6.010000229
pharmacienne;f;12;9;-1;5;3.079999924;5.570000172
phénomène;m;9;7;8449;140;4;2.460000038
philosophie;f;11;8;11971;86;4.440000057;2.50999999
photo;f;5;4;1561;59;5.320000172;6.320000172
photographe;v;11;8;489;19;4.489999771;5.980000019
phrase;f;6;4;17506;84;5.25;4.929999828
piano;m;5;5;3973;17;4.599999905;6.820000172
pièce;f;5;4;22569;267;5.139999866;5.760000229
pied;m;4;3;33290;372;5.659999847;6.78000021
pierre;f;6;4;18055;112;4.5;6.420000076
piéton;m;6;5;395;5;4.829999924;6.260000229
pigeon;m;6;4;1310;42;3.950000048;6.760000229
pigeonnier;m;10;7;182;10;2.130000114;4.920000076
pile;f;4;3;1667;19;4.090000153;5.739999771
pilier;m;6;5;1174;12;2.130000114;4.679999828
pilon;m;5;4;187;1;2.069999933;4.75
pionnière;f;8;7;-1;17;2.349999905;3.599999905
pipe;f;4;3;2658;9;3.180000067;6.639999866
piquet;m;6;4;553;5;2.50999999;5.800000191
piscine;f;7;5;365;9;5.670000076;6.880000114
pistolet;m;8;7;816;25;3.390000105;6.71999979
placard;m;7;6;1080;12;3.109999895;5.880000114
place;f;5;4;43313;426;5.5;3.890000105
plafond;m;7;5;2901;41;4.980000019;6.440000057
plage;f;5;4;2761;59;4.760000229;6.739999771
plaine;f;6;4;4709;30;2.930000067;5.380000114
plainte;f;7;5;3297;21;4.460000038;3.430000067
plaisir;m;7;6;29380;165;5.639999866;4.159999847
plan;m;4;3;17247;279;5.179999828;4.760000229
planche;f;7;4;2769;28;4.300000191;6.309999943
plancher;m;8;5;1786;33;5.590000153;6.389999866
planète;f;7;6;2029;26;4.289999962;6.400000095
plant;m;5;3;331;4;3.630000114;4.800000191
plante;f;6;4;4339;63;5.670000076;6.809999943
plat;m;4;3;5224;29;5.010000229;5.849999905
plateau;m;7;5;3850;35;3.950000048;5.670000076
pleurs;m;6;4;1225;6;4.210000038;5.190000057
plomb;m;5;3;1408;11;3.619999886;5.360000134
plombier;m;8;6;178;3;4.460000038;5.730000019
plongeuse;f;9;6;-1;0;3.24000001;5.670000076
pluie;f;5;4;8989;62;5.760000229;6.599999905
plume;v;5;4;5105;34;5.519999981;6.489999771
poche;f;5;3;8474;65;5.510000229;6.190000057
poêle;v;5;4;1918;8;5.239999771;6.730000019
poème;m;5;4;7619;13;3.849999905;5.070000172
poésie;f;6;5;10720;46;3.299999952;4.230000019
poète;m;5;4;14664;86;3.400000095;4.789999962
poignet;m;7;5;2420;23;4.869999886;6.610000134
poinçonneuse;f;12;8;-1;0;2.650000095;5.690000057
point;m;5;3;42568;556;5.400000095;5.989999771
poire;f;5;4;531;2;4.28000021;6.869999886
pois;m;4;3;672;2;4.980000019;6.710000038
poisson;m;7;5;3645;64;5.079999924;6.869999886
poivre;m;6;6;382;6;5.559999943;6.53000021
police;f;6;5;4990;163;5.639999866;6.610000134
policier;m;8;7;1378;94;5.610000134;6.409999847
polisseuse;f;10;7;-1;0;1.679999948;4.050000191
politicien;m;10;9;604;18;5.46999979;5.269999981
politique;v;9;7;24594;231;5.289999962;3.789999962
polonaise;f;9;7;399;5;2.460000038;4
poltronne;f;9;7;-1;1;1.389999986;2.819999933
pomme;f;5;3;3041;38;5.730000019;6.900000095
pommier;m;7;5;727;6;3.920000076;6.650000095
pompier;m;7;5;442;13;5.179999828;6.789999962
pont;m;4;2;6887;111;4.519999981;6.659999847
porc;m;4;3;825;11;3.779999971;6.679999828
porte;f;5;5;45802;349;6.119999886;6.849999905
portefeuille;m;12;8;1186;18;5.289999962;6.659999847
portemanteau;m;12;8;140;4;2.700000048;6.409999847
porteuse;f;8;6;-1;15;3.109999895;3.99000001
portier;m;7;6;578;9;2.700000048;5.690000057
portière;f;8;7;1220;10;2.660000086;5.199999809
portugais;m;9;7;433;6;3.089999914;4.210000038
position;f;8;7;9470;148;4.989999771;3.630000114
possession;f;10;7;4866;41;4.230000019;3.109999895
possibilité;f;11;10;7249;150;5.03000021;2.170000076
posture;f;7;6;557;9;3.690000057;4.630000114
potage;m;6;5;336;6;2.650000095;5.090000153
poteau;m;6;4;697;9;4.53000021;6.5
potion;f;6;5;229;2;2.210000038;5.079999924
pou;m;3;2;616;4;3.109999895;5.360000134
poubelle;f;8;5;319;3;5.550000191;6.769999981
pouce;m;5;3;1944;81;4.900000095;6.550000191
poudre;f;6;5;2029;27;4.119999886;5.860000134
poudreuse;f;9;6;106;0;2.75;4.070000172
poule;f;5;3;2182;15;3.980000019;6.639999866
poupée;f;6;4;1059;19;4.269999981;6.659999847
poussière;f;9;6;5590;46;5.010000229;5.800000191
prairie;f;7;5;2284;25;3.089999914;6.309999943
praticien;m;9;8;285;9;2.640000105;3.630000114
pratiquant;m;10;7;242;2;3.619999886;3.50999999
pratique;f;8;6;3854;82;5.090000153;2.930000067
précepteur;m;10;9;442;4;1.970000029;2.569999933
prêcheur;m;8;6;136;0;2.619999886;4.610000134
prédicateur;m;11;10;361;1;2.130000114;3.140000105
prédiction;f;10;9;416;8;3.900000095;2.730000019
préfet;m;6;5;1033;5;1.970000029;3.210000038
prénom;m;6;5;1123;12;4.940000057;4.989999771
présence;f;8;6;17025;239;4.78000021;3.400000095
présidente;f;10;8;59;27;4.360000134;5.050000191
prêtre;m;6;6;10031;153;3.940000057;6.309999943
preuve;f;6;4;8236;146;4.889999866;3.210000038
prévision;f;9;8;1939;34;4.070000172;2.809999943
printemps;m;9;5;5977;75;5.079999924;5.789999962
prise;f;5;4;4730;133;3.829999924;3.269999981
prison;f;6;5;5237;77;4.190000057;6.460000038
prisonnier;m;10;8;7002;36;4.039999962;6.159999847
prisonnière;f;11;9;-1;36;3.869999886;5.269999981
privilège;m;9;8;2382;39;4.079999924;2.529999971
prix;m;4;3;13396;330;5.71999979;5.230000019
problème;m;8;7;17366;519;5.989999771;3.279999971
productrice;f;11;10;-1;54;3.450000048;3.049999952
produit;m;7;6;2531;241;4.980000019;3.789999962
professeur;m;10;8;6653;202;6.400000095;6.159999847
profession;f;10;8;2110;56;4.909999847;3.839999914
professionnel;m;13;11;2207;14;5.650000095;3.710000038
profit;m;6;5;5373;84;4.960000038;4.070000172
profondeur;f;10;8;7896;55;4.389999866;4.690000057
programme;m;9;7;3769;266;5.519999981;4.550000191
progrès;m;7;6;7827;145;4.699999809;2.789999962
projecteur;m;10;9;472;17;4.21999979;5.900000095
projection;f;10;9;1063;27;3.349999905;3.650000095
projet;m;6;5;11061;181;5.320000172;3.799999952
promenade;f;9;7;5377;30;4.099999905;4.96999979
propos;m;6;5;13247;115;3.779999971;2.230000019
propreté;f;8;8;557;10;5.309999943;4.360000134
propriété;f;9;10;4764;97;4.650000095;4.710000038
propulseur;m;10;9;4;0;1.820000052;3.640000105
protection;f;10;9;2173;44;4.880000114;3.809999943
protestante;f;11;9;-1;9;3.220000029;3.099999905
provocation;f;11;10;633;5;3.710000038;2.980000019
prunelle;f;8;6;1599;5;2.25;4.179999828
puberté;f;7;7;365;7;3.75;4.369999886
public;m;6;6;14758;226;5.46999979;5.559999943
publicité;f;9;9;982;35;5.28000021;5.25
puissance;f;9;6;18212;178;4.650000095;3.309999943
puits;m;5;3;2373;26;3.339999914;6.460000038
pull;m;4;3;-1;1;2.519999981;4.869999886
punaise;f;7;5;323;5;3.230000019;5.730000019
pureté;f;6;5;3697;17;4.019999981;3.089999914
puritaine;f;9;7;-1;3;1.710000038;2.75999999
pyjama;m;6;6;467;12;5.239999771;6.710000038
quadrant;m;8;5;-1;0;3.690000057;5.760000229
quart;m;5;3;5909;59;4.630000114;4.300000191
quartier;m;8;6;8381;73;3.940000057;5.289999962
querelle;f;8;5;2765;19;3.289999962;4.570000172
questionnaire;m;13;9;161;8;4.849999905;6.050000191
queue;f;5;2;3024;25;4.570000172;6.53000021
rabbin;m;6;4;238;5;1.370000005;3.920000076
radiateur;m;9;8;178;18;2.960000038;6.159999847
radio;f;5;5;2390;139;6.199999809;6.880000114
radis;m;5;4;280;1;4.230000019;6.630000114
rage;f;4;3;3411;26;3.74000001;3.910000086
rail;m;4;3;710;9;2.799999952;5.739999771
raisin;m;6;4;1157;5;5.139999866;6.769999981
raison;f;6;4;48197;411;5.639999866;2.599999905
raisonnement;m;12;7;3216;18;4.489999771;2.670000076
rameau;m;6;4;;2;2.380000114;5.46999979
rameur;m;6;5;106;1;2.789999962;5.480000019
randonnée;f;9;6;251;9;3.299999952;4.369999886
rang;m;4;2;5177;74;4.460000038;4.659999847
rapidité;f;8;8;1484;29;4.840000153;3.410000086
rapport;m;7;5;21603;469;4.739999771;4.179999828
raquette;f;8;5;182;7;4.460000038;6.559999943
rat;m;3;2;2207;26;3.769999981;6.75
ravin;m;5;4;791;13;2.180000067;5.570000172
ravisseur;m;9;7;97;0;2.390000105;3.180000067
rayon;m;5;4;5875;59;4.019999981;5.989999771
réaction;f;8;7;5781;146;5.260000229;3.470000029
réalisateur;m;11;10;85;20;4.429999828;4.03000021
réalité;f;7;7;23232;204;4.860000134;2.579999924
récepteur;m;9;8;527;11;3.569999933;4.340000153
receveur;m;8;6;365;8;3.559999943;4.429999828
recherche;f;9;7;9644;310;5.289999962;3.799999952
récompense;f;10;7;1829;13;4.519999981;4.050000191
record;m;6;5;378;53;4.230000019;4.460000038
récréation;f;10;9;757;8;3.809999943;5.139999866
recrue;f;6;5;336;5;3.109999895;3.779999971
rectangle;m;9;8;557;3;4.210000038;6.699999809
recteur;m;7;6;387;15;2.200000048;3.140000105
rédacteur;m;9;8;497;22;3.75;3.680000067
réduction;f;9;8;1144;55;4.360000134;3.559999943
référence;f;9;7;1395;13;4.650000095;3.119999886
reflet;m;6;5;4684;34;3.910000086;4.610000134
réflexion;f;9;9;9925;76;4.25;3.180000067
refrain;m;7;5;846;3;4.199999809;4.210000038
réfrigérateur;m;13;12;34;4;5.090000153;6.75
refuge;m;6;5;2127;24;2.99000001;4.550000191
regard;m;6;5;39973;270;4.71999979;4.670000076
régime;m;6;5;6428;130;4.210000038;3.680000067
région;f;6;5;10499;244;5.230000019;4.360000134
regret;m;6;5;5517;36;4.239999771;2.869999886
régulateur;m;10;9;557;0;2.410000086;3.539999962
reine;f;5;3;5534;148;3.519999981;6.539999962
rejet;m;5;4;348;5;3.349999905;3.049999952
relais;m;6;4;314;9;3.019999981;4.210000038
relation;f;8;7;11461;164;5.130000114;3.200000048
relativité;f;10;10;433;14;2.829999924;1.870000005
relaxation;f;10;10;-1;0;4.260000229;4.190000057
religieuse;f;10;8;-1;50;3.920000076;6.349999905
religion;f;8;7;11239;131;5.010000229;3.589999914
remarque;f;8;6;2961;38;4.829999924;2.99000001
remède;m;6;5;2795;43;4.579999924;5.659999847
remise;f;6;5;799;15;3.460000038;4.78000021
remorqueur;m;10;8;178;5;2.329999924;5.539999962
renard;m;6;5;1327;10;3.420000076;6.710000038
rencontre;f;9;7;6530;73;5.170000076;4.360000134
repas;m;5;4;5671;62;5.809999943;6.150000095
réponse;f;7;5;11805;185;5.880000114;3.549999952
repos;m;5;4;7538;47;5.809999943;4.119999886
représentante;f;13;10;-1;90;4.53000021;4.139999866
représentation;f;14;12;5539;42;4.190000057;3.24000001
reproche;m;8;6;4615;16;3.769999981;3.059999943
résidente;f;9;7;-1;8;4.019999981;3.819999933
résine;f;6;5;404;32;2.309999943;4.650000095
résistance;f;10;8;8870;72;3.829999924;3.470000029
respect;m;7;5;6483;75;5.400000095;3.160000086
responsabilité;f;14;13;4390;112;5.659999847;3.279999971
restaurant;m;10;7;3195;50;6.420000076;6.610000134
reste;m;5;5;26266;143;5.480000019;2.74000001
résultat;m;8;7;9240;258;5.550000191;3.680000067
retard;m;6;5;4530;52;5.429999828;3.660000086
retentissement;m;14;9;761;1;2.25;2.589999914
rétine;f;6;5;433;2;3.180000067;5.119999886
retour;m;6;5;15064;130;4.980000019;3.549999952
retraite;f;8;6;4705;54;4.400000095;3.5
réunion;f;7;6;3356;86;5.199999809;4.619999886
réussite;f;8;6;2331;42;4.889999866;3.619999886
rêve;m;4;3;19893;112;5.889999866;4.300000191
revenu;m;6;5;1608;124;5.039999962;4.099999905
rêverie;f;7;5;4245;10;3.329999924;3.609999895
rêveuse;f;7;5;-1;3;4.400000095;3.940000057
révolution;f;10;9;9623;92;3.5;3.809999943
revue;f;5;4;5739;63;4.829999924;6.380000114
rhétoricien;m;11;9;55;0;1.389999986;2.180000067
richesse;f;8;5;5088;68;4.039999962;4.590000153
rideau;m;6;4;5862;51;5.119999886;6.639999866
rire;m;4;3;-1;;5.880000114;5.679999828
rivage;m;6;5;1403;15;2.49000001;5.340000153
rivière;f;7;6;3773;99;4.78000021;6.559999943
robinet;m;7;6;587;3;3.99000001;6.829999924
roche;f;5;3;1961;14;4.929999828;6.690000057
rocher;m;6;4;2918;30;3.700000048;6.429999828
roi;m;3;3;20565;122;3.589999914;6.28000021
rôle;m;4;3;12805;282;4.670000076;3.529999971
roman;m;5;4;11337;112;4.369999886;5.940000057
romancière;f;10;8;-1;33;3.25999999;3.910000086
rond;m;4;2;3722;12;4.880000114;6.199999809
roseau;m;6;4;1174;3;2.279999971;5.639999866
rosier;m;6;5;553;8;3.440000057;6.199999809
roue;f;4;2;2607;43;4.710000038;6.679999828
rouleau;m;7;4;684;32;4.260000229;5.840000153
roulette;f;8;5;238;12;3.970000029;5.690000057
roulotte;f;8;5;544;4;3.890000105;6.590000153
route;f;5;3;24011;197;5.889999866;6.730000019
royaume;m;7;6;4900;46;3.430000067;5.010000229
rubis;m;5;4;336;23;2.420000076;6.170000076
rue;f;3;2;33251;269;6.170000076;6.360000134
ruelle;f;6;4;1697;15;3.470000029;6.210000038
ruisseau;m;8;5;3020;13;4.039999962;6.639999866
rythme;m;6;5;5815;66;4.159999847;3.700000048
sable;m;5;5;6402;85;4.119999886;6.630000114
sabot;m;5;4;1910;9;2.74000001;6.320000172
sac;m;3;3;5951;64;6.090000153;6.690000057
sagesse;f;7;5;5700;32;3.650000095;3.019999981
saint;m;5;2;31052;32;4.010000229;4.409999847
sainte;f;6;3;-1;32;3.660000086;4.050000191
salade;f;6;5;965;6;5.579999924;6.619999886
salaire;m;7;5;1501;62;5.820000172;4.730000019
salaud;m;6;4;1476;5;3.349999905;4.199999809
saleté;f;6;5;965;1;4.940000057;5.260000229
salle;f;5;3;15396;252;5.099999905;6.179999828
salon;m;5;4;9623;87;5.769999981;6.360000134
salope;f;6;5;195;5;2.75999999;4.179999828
samedi;m;6;5;3573;48;6.369999886;4.079999924
sandale;f;7;5;374;4;4.170000076;6.360000134
sandwich;m;8;7;378;9;5.800000191;6.809999943
sang;m;4;2;17685;12;5.110000134;6.71999979
santé;f;5;4;6147;113;6.010000229;3.049999952
sapin;m;5;4;1531;10;4.650000095;6.849999905
satin;m;5;4;680;13;3.950000048;5.590000153
satisfaction;f;12;11;5139;58;4.510000229;3.470000029
saule;m;5;3;744;6;1.99000001;5.340000153
sauterelle;f;10;6;293;0;3.74000001;6.710000038
sauveteur;m;9;6;263;6;3.650000095;4.960000038
savant;m;6;4;7019;61;3.849999905;4.449999809
savon;m;5;4;850;14;6.050000191;6.610000134
saxophone;m;9;8;72;1;2.75;6.489999771
scalpel;m;7;7;106;3;2.440000057;5.699999809
sceau;m;5;2;587;6;3.690000057;5.800000191
scélérat;m;8;6;212;2;1.549999952;2.400000095
scène;f;5;3;13601;191;3.809999943;5
schéma;m;6;4;1616;31;3.5;4.210000038
science;f;7;4;15383;246;5.710000038;4.079999924
scoutisme;m;9;8;-1;0;2.210000038;4.619999886
sculpteur;m;9;7;1501;9;3.849999905;5.409999847
sculpture;f;9;7;1629;14;3.519999981;6.309999943
séance;f;6;4;2807;32;3.190000057;3.349999905
sécateur;m;8;7;140;0;1.49000001;4.03000021
sécheuse;f;8;5;;1;5.110000134;6.510000229
seconde;f;7;5;6126;102;5.679999828;3.75999999
secours;m;7;5;5007;42;4.190000057;4
secteur;m;7;6;1871;141;3.74000001;3.460000038
sécurité;f;8;8;3943;135;4.889999866;3.75999999
séductrice;f;10;9;-1;1;3.210000038;4.510000229
sel;m;3;3;2054;34;5.980000019;6.309999943
selle;f;5;3;795;11;2.920000076;5.980000019
semaine;f;7;5;15626;289;6.440000057;4.480000019
séminaire;m;9;7;1161;27;3.279999971;4.059999943
sénateur;m;8;7;595;11;3.670000076;4.090000153
sens;m;4;3;59024;72;4.989999771;2.960000038
sensation;f;9;7;9708;47;4.699999809;3.359999895
senteur;f;7;5;472;5;4.659999847;2.970000029
sentier;m;7;5;2654;22;3.460000038;5.860000134
sentiment;m;9;6;34519;161;5.46999979;2.859999895
sergent;m;7;5;2016;11;3.279999971;5.260000229
série;f;5;4;5007;144;4.25;3.349999905
serin;m;5;4;229;0;2.190000057;4.980000019
serrure;f;7;5;1425;8;3.779999971;6.510000229
servante;f;8;6;-1;18;4.28000021;5.860000134
service;m;7;6;15366;439;5.320000172;3.390000105
serviette;f;9;7;2195;23;5.730000019;6.570000172
serviteur;m;9;8;2293;22;3.539999962;5.300000191
session;f;7;5;131;22;4.769999981;3.589999914
sexe;m;4;5;2033;33;5.730000019;5.619999886
sexualité;f;9;10;753;0;5.389999866;4.679999828
siècle;m;6;6;20131;301;3.920000076;2.99000001
sifflet;m;7;5;1152;10;3.480000019;6.5
signe;m;5;3;19778;157;5.110000134;4.650000095
signification;f;13;11;6581;42;4.590000153;2.279999971
silence;m;7;5;32885;166;5.489999771;3.99000001
simplicité;f;10;9;3999;22;3.299999952;2.589999914
singe;m;5;3;1646;27;3.589999914;6.820000172
situation;f;9;8;16659;233;5.269999981;2.950000048
ski;m;3;3;161;43;5.309999943;6.730000019
skieur;m;6;5;25;14;4.869999886;6.579999924
skieuse;f;7;5;-1;14;4.710000038;6.400000095
slip;m;4;4;34;2;2.25999999;5.420000076
sobriquet;m;9;7;131;2;2.170000076;2.980000019
société;f;7;7;14477;384;5.230000019;3.819999933
soeur;f;5;3;14775;128;5.840000153;6.03000021
soeurette;f;9;5;8;0;1.49000001;4.239999771
sofa;m;4;4;276;3;5.190000057;6.670000076
soif;f;4;4;4207;23;5.940000057;3.869999886
soirée;f;6;5;6436;80;6.099999905;4.96999979
sol;m;3;3;11103;148;3.910000086;5.769999981
soldat;m;6;5;11167;59;4.550000191;6.119999886
soleil;m;6;5;25683;191;6.159999847;6.860000134
solitude;f;8;7;9546;52;3.700000048;3.5
solliciteur;m;11;9;106;2;2.619999886;3.74000001
solution;f;8;7;5828;210;5.269999981;3.180000067
sommeil;m;7;5;10269;54;5.360000134;4.690000057
sommet;m;6;4;4011;55;3.829999924;6.019999981
sondage;m;7;5;144;19;4.039999962;4.760000229
songe;m;5;3;4475;17;3.119999886;2.769999981
sorcier;m;7;6;1497;13;2.579999924;5.579999924
sorcière;f;8;7;-1;13;3.680000067;6.409999847
sorte;f;5;5;41794;235;5.400000095;2.160000086
sotte;f;5;3;-1;3;2.440000057;3.359999895
souci;m;5;4;8291;78;3.279999971;2.789999962
souffrance;f;10;6;9657;49;3.589999914;3.869999886
soûlard;m;7;5;17;0;2.299999952;5
soulier;m;7;5;3650;17;6.239999771;6.769999981
soupe;f;5;3;2493;15;5.489999771;6.579999924
souper;m;6;4;-1;16;6.340000153;5.519999981
sourd-muet;m;10;6;272;3;3.130000114;4.420000076
sourire;m;7;5;-1;96;5.5;6.489999771
souris;f;6;4;1042;11;4.119999886;6.739999771
soutane;f;7;5;957;1;2.069999933;5.360000134
souvenir;m;8;6;-1;126;5.449999809;3.640000105
spectatrice;f;11;10;-1;51;3.529999971;4.699999809
spirale;f;7;6;421;8;3.309999943;5.590000153
spontanéité;f;11;10;1357;3;2.650000095;2.430000067
stade;m;5;4;1629;53;3.599999905;4.989999771
stage;m;5;4;229;38;4.409999847;3.430000067
statue;f;6;5;4556;24;4.059999943;6.349999905
statuette;f;9;7;225;1;3.049999952;6.150000095
stupéfiant;m;10;8;374;1;3.779999971;4.489999771
style;m;5;4;6964;124;5.150000095;3.339999914
substance;f;9;7;5258;35;4.199999809;4.449999809
succès;m;6;5;7474;154;5.340000153;3.859999895
successeur;m;10;8;816;18;3.099999905;2.99000001
sucre;m;5;5;2033;34;5.860000134;6.710000038
suédoise;f;8;7;-1;4;2.640000105;4.230000019
sueur;f;5;4;3441;24;4.630000114;5.670000076
suite;f;5;4;31005;328;4.789999962;3.720000029
sultan;m;6;5;1433;2;1.559999943;4.039999962
suppléante;f;10;7;-1;0;3.579999924;4.5
sûreté;f;6;5;1654;29;4.329999924;2.789999962
surface;f;7;6;5492;135;4.210000038;4.760000229
surprise;f;8;7;4224;83;5.21999979;4.75
surveillante;f;12;8;-1;12;3.940000057;4.679999828
symbole;m;7;5;3620;43;4.610000134;4.699999809
système;m;7;6;11639;228;5.309999943;3.400000095
tabac;m;5;4;2225;18;4.179999828;6.119999886
table;f;5;5;25402;166;6.039999962;6.809999943
tableau;m;7;5;8538;144;5.460000038;6.489999771
tablier;m;7;7;1591;2;4.71999979;6.53000021
tabou;m;5;4;251;13;2.579999924;3.480000019
tabouret;m;8;6;748;6;3.160000086;5.989999771
tache;f;5;3;4241;42;4.610000134;5.309999943
tâche;f;5;3;6002;120;4.639999866;3.700000048
taillis;m;7;4;855;2;1.399999976;2.75999999
talus;m;5;4;1378;5;1.559999943;3.450000048
tambour;m;7;5;1476;8;3.329999924;6.650000095
tambourin;m;9;6;93;0;1.929999948;5.730000019
tante;f;5;3;6139;30;5.579999924;5.619999886
tapage;m;6;5;391;7;3.559999943;3.5
tapageur;m;8;7;-1;2;1.730000019;3.710000038
tapis;m;5;4;3458;28;5.619999886;6.760000229
tartine;f;7;6;391;1;2.549999952;5.980000019
tas;m;3;2;3956;20;4.369999886;4.96999979
tasse;f;5;3;2131;36;5.869999886;6.78000021
taudis;m;6;4;259;3;2.599999905;4.630000114
taureau;m;7;4;3143;32;2.890000105;6.53000021
taverne;f;7;7;489;21;3.730000019;6.139999866
taxi;m;4;5;1931;21;5.010000229;6.650000095
teinte;f;6;3;842;51;3.299999952;4.380000114
télévision;f;10;9;46;113;6.260000229;6.829999924
témoin;m;6;5;4705;87;4.480000019;4.300000191
tendance;f;8;5;6036;114;4.199999809;2.200000048
tendresse;f;9;6;7121;35;4.75;3.720000029
tension;f;7;5;2573;48;4.389999866;3.309999943
tentative;f;9;7;2522;48;3.579999924;2.730000019
tente;f;5;3;1961;31;4.630000114;6.760000229
terrain;m;7;4;7513;121;5.179999828;6.119999886
terrasse;f;8;5;4062;28;3.789999962;6.199999809
terre;f;5;3;45134;313;5.239999771;6.010000229
terreur;f;7;5;4475;30;3.25999999;3.779999971
terrier;m;7;5;374;2;2.910000086;5.380000114
territoire;m;10;8;4918;104;3.980000019;4.46999979
tête;f;4;3;63793;429;5.849999905;6.380000114
texte;m;5;6;7981;110;5.239999771;5.460000038
thé;m;3;2;3169;49;5.039999962;6.559999943
théâtre;m;7;6;11452;159;5.050000191;6.329999924
thème;m;5;3;4543;58;4.110000134;2.309999943
théoricienne;f;12;9;-1;10;2.470000029;2.880000114
théorie;f;7;5;6394;104;4.880000114;2.99000001
tige;f;4;3;1718;19;3.710000038;6.239999771
timbale;f;7;5;165;3;2.049999952;5.039999962
tintamarre;m;10;7;191;0;1.470000029;3.529999971
tisserand;m;9;5;119;4;1.730000019;3.650000095
tissu;m;5;4;2888;78;4.5;5.789999962
titre;m;5;5;9316;222;5.510000229;5.099999905
toilette;f;8;6;3114;49;6.440000057;6.760000229
toit;m;4;3;5666;49;4.449999809;6.690000057
tondeuse;f;8;5;-1;3;3.480000019;6.429999828
torpilleur;m;10;8;97;2;1.460000038;4.170000076
tort;m;4;3;8695;59;4.25;2.529999971
tortue;f;6;5;557;6;3.890000105;6.710000038
torture;f;7;6;1301;14;2.940000057;4.650000095
tourbillon;m;10;7;1289;6;3.019999981;5.400000095
tourelle;f;8;5;314;4;1.590000033;4.25
tournant;m;8;5;727;12;3.680000067;4.019999981
tracteur;m;8;7;136;11;3.769999981;6.610000134
traducteur;m;10;9;395;2;4.119999886;3.789999962
traduction;f;10;9;2880;17;3.99000001;3.49000001
trafic;m;6;6;770;33;5.53000021;5.550000191
tragédien;m;9;8;165;0;1.570000052;3.150000095
train;m;5;3;16774;178;5.190000057;6.789999962
traîneau;m;8;5;208;10;4;6.789999962
traité;m;6;5;3628;43;3.279999971;3.119999886
trajet;m;6;5;1382;27;3.890000105;4.489999771
tranchant;m;9;5;978;3;3.410000086;4.300000191
trappe;f;6;4;621;11;2.730000019;5.46999979
travail;m;7;6;34983;255;6.630000114;4.159999847
travailleur;m;11;8;2254;77;5.690000057;4.75
trayeuse;f;8;6;-1;0;1.799999952;4.139999866
treillis;m;8;5;191;5;1.649999976;3.579999924
tremplin;m;8;6;221;6;3.5;6.340000153
trésorier;m;9;8;127;12;3.24000001;4.090000153
tréteau;m;7;5;225;0;1.200000048;2.619999886
tricot;m;6;5;480;11;4.099999905;6.460000038
tripe;f;5;4;416;1;2.819999933;4.690000057
tristesse;f;9;7;7751;26;5.03000021;3.539999962
tronc;m;5;3;2531;18;3.779999971;6.28000021
trottoir;m;8;7;3692;22;5.300000191;6.539999962
trou;m;4;3;5807;36;5.03000021;6.429999828
troupe;f;6;4;11286;87;3.900000095;5.159999847
truand;m;6;4;51;1;1.549999952;3.289999962
truc;m;4;4;1744;8;4.360000134;3.839999914
tube;m;4;3;910;52;3.809999943;5.989999771
tueur;m;5;4;251;3;3.670000076;4.960000038
tueuse;f;6;4;-1;3;2.980000019;4.460000038
tuteur;m;6;5;331;3;3.25;4.610000134
tuyau;m;5;5;1021;17;4.150000095;6.579999924
typologie;f;9;8;178;0;1.480000019;2.150000095
tyran;m;5;4;1514;2;2.039999962;3.839999914
unité;f;5;5;13677;142;4.690000057;3.180000067
univers;m;7;6;13630;90;3.690000057;4.739999771
université;f;10;10;2314;207;6.409999847;6.340000153
urine;f;5;4;344;6;4.340000153;6.360000134
usine;f;5;4;3977;108;4.53000021;6.190000057
utilité;f;7;7;1506;31;4.400000095;2.359999895
vacance;f;7;5;3718;66;5.619999886;4.940000057
vache;f;5;3;3526;38;4.559999943;6.829999924
vainqueur;m;9;5;2220;15;3.849999905;4.550000191
vaisseau;m;8;4;1408;24;3.109999895;5.679999828
vaisselle;f;9;5;1038;10;5.900000095;6.5
valet;m;5;4;2688;5;2.75;5.159999847
valeur;f;6;5;19854;377;5.119999886;2.630000114
valise;f;6;5;2590;32;5.059999943;6.710000038
vallée;f;6;4;3803;48;2.960000038;6.150000095
vaurien;m;7;5;178;4;2.920000076;3.75
vautour;m;7;5;319;7;2.25;6.070000172
végétal;m;7;7;1731;1;4.090000153;4.440000057
végétarienne;f;12;10;-1;0;4.139999866;4.21999979
veilleuse;f;9;5;-1;6;3.089999914;5.039999962
vélo;m;4;4;442;4;3.410000086;6.769999981
vendeuse;f;8;5;-1;28;5.130000114;5.360000134
venin;m;5;4;421;1;2.400000095;4.090000153
vent;m;4;2;19191;109;5.389999866;5.190000057
ventilateur;m;11;9;195;4;2.970000029;6.019999981
ventre;m;6;5;6840;43;5.559999943;6.510000229
verdict;m;7;7;399;11;3.309999943;3.869999886
vérité;f;6;6;28070;195;5.389999866;2.900000095
verre;m;5;3;9848;126;5.800000191;6.480000019
versant;m;7;5;918;5;2.690000057;3.910000086
vertige;m;7;6;2650;18;3.99000001;3.589999914
veste;f;5;5;2063;18;4.460000038;6.300000191
vêtement;m;8;5;6296;72;5.489999771;6.260000229
vétéran;m;7;6;119;1;3.319999933;4.369999886
viande;f;6;4;2722;23;6.139999866;6.519999981
vidangeur;m;9;7;8;0;3.099999905;5.440000057
vie;f;3;2;124098;1058;6.230000019;3.380000114
vigilance;f;9;7;816;3;2.950000048;2.49000001
vigneron;m;8;5;280;5;1.860000014;4.340000153
villa;f;5;5;1974;22;2.049999952;5.360000134
village;m;7;5;12341;136;4.539999962;6.139999866
villageois;m;10;7;438;7;2.880000114;4.789999962
ville;f;5;3;28465;480;5.880000114;5.940000057
vin;m;3;2;9006;93;5.090000153;6.590000153
vinaigre;m;8;7;399;0;4.650000095;6.46999979
violette;f;8;6;1501;4;3.200000048;5.980000019
visage;m;6;5;44125;275;5.460000038;6.489999771
visière;f;7;6;314;2;2.660000086;4.880000114
vision;f;6;5;6258;39;4.320000172;3.900000095
visiteur;m;8;7;2578;31;5.230000019;4.710000038
vitesse;f;7;5;3714;115;5.420000076;4.019999981
vitre;f;5;5;3616;32;5.110000134;6.260000229
vitrine;f;7;6;1157;18;4.590000153;6.25
vocabulaire;m;11;9;1425;21;4.71999979;4.099999905
voeu;m;4;2;2820;38;3.5;3.400000095
voie;f;4;3;10333;197;4.03000021;4.380000114
voilier;m;7;6;399;9;3.720000029;6.46999979
voisin;m;6;5;12307;101;5.429999828;5.650000095
voisinage;m;9;8;1748;17;3.49000001;4.980000019
voisine;f;7;6;-1;101;5.869999886;5.619999886
voiture;f;7;6;11827;197;5.480000019;6.820000172
voix;f;4;3;53791;313;5.440000057;3.829999924
vol;m;3;3;3828;73;4.639999866;4.610000134
volant;m;6;4;1650;39;4.159999847;5.78000021
volcan;m;6;5;489;4;3.460000038;6.550000191
voleur;m;6;5;2199;22;4.78000021;5.400000095
voleuse;f;7;5;-1;22;4.260000229;4.539999962
volonté;f;7;6;22020;154;4.389999866;2.450000048
voûte;f;5;3;2254;14;1.960000038;4.349999905
voyage;m;6;6;12035;181;5.619999886;5.5
voyageur;m;8;8;3522;60;4.800000191;4.940000057
vulgarité;f;9;9;880;2;2.769999981;3.25999999
week-end;m;8;6;119;0;6.070000172;5.079999924
whisky;m;6;5;523;15;3.49000001;5.849999905
zéro;m;4;4;735;20;5.269999981;6.239999771
zoo;m;3;3;80;1;3.450000048;6.489999771
